"","X","Q","Other","Self","Percentile","Subject"
"1","X1",1,0.5,1,0.56,1
"2","X2",2,1,1,0.56,1
"3","X3",3,0,0,0.56,1
"4","X4",4,1,1,0.56,1
"5","X5",5,1,1,0.56,1
"6","X6",6,1,1,0.56,1
"7","X7",7,1,1,0.56,1
"8","X8",8,1,0.5,0.56,1
"9","X9",9,0.5,0.5,0.56,1
"10","X10",10,1,1,0.56,1
"11","X11",11,1,1,0.56,1
"12","X12",12,1,1,0.56,1
"13","X13",13,1,0,0.56,1
"14","X14",14,0,1,0.56,1
"15","X15",15,1,1,0.56,1
"16","X16",16,1,1,0.56,1
"17","X1.1",1,0.7,1,0.25,2
"18","X2.1",2,0.8,1,0.25,2
"19","X3.1",3,0.5,0.5,0.25,2
"20","X4.1",4,0.5,0.7,0.25,2
"21","X5.1",5,0.5,0.5,0.25,2
"22","X6.1",6,0.5,0.6,0.25,2
"23","X7.1",7,1,1,0.25,2
"24","X8.1",8,0.4,0.5,0.25,2
"25","X9.1",9,0.5,0.5,0.25,2
"26","X10.1",10,0.5,0.6,0.25,2
"27","X11.1",11,0.25,0.4,0.25,2
"28","X12.1",12,1,1,0.25,2
"29","X13.1",13,1,1,0.25,2
"30","X14.1",14,1,1,0.25,2
"31","X15.1",15,1,1,0.25,2
"32","X16.1",16,1,1,0.25,2
"33","X1.2",1,0.6,0.99,0.9,3
"34","X2.2",2,0.1,0,0.9,3
"35","X3.2",3,0.8,0.9,0.9,3
"36","X4.2",4,0.35,0.55,0.9,3
"37","X5.2",5,0.35,0.75,0.9,3
"38","X6.2",6,0.2,0.25,0.9,3
"39","X7.2",7,0.5,0.75,0.9,3
"40","X8.2",8,0.5,1,0.9,3
"41","X9.2",9,0.35,0.6,0.9,3
"42","X10.2",10,0.3,0.95,0.9,3
"43","X11.2",11,0.4,0.4,0.9,3
"44","X12.2",12,0.4,0.5,0.9,3
"45","X13.2",13,0.4,1,0.9,3
"46","X14.2",14,0.85,1,0.9,3
"47","X15.2",15,0.7,0.9,0.9,3
"48","X16.2",16,0.5,1,0.9,3
"49","X1.3",1,0.5,0.5,1,4
"50","X2.3",2,0.5,0.5,1,4
"51","X3.3",3,0.5,0.5,1,4
"52","X4.3",4,0.5,0.5,1,4
"53","X5.3",5,1,1,1,4
"54","X6.3",6,0.25,0.25,1,4
"55","X7.3",7,0.25,0.25,1,4
"56","X8.3",8,0.25,1,1,4
"57","X9.3",9,0.25,1,1,4
"58","X10.3",10,0.25,0.25,1,4
"59","X11.3",11,0.25,0.25,1,4
"60","X12.3",12,0.25,1,1,4
"61","X13.3",13,0.25,1,1,4
"62","X14.3",14,0.25,1,1,4
"63","X15.3",15,0.25,1,1,4
"64","X16.3",16,0.25,0.25,1,4
"65","X1.4",1,0.55,0.5,0.8,5
"66","X2.4",2,0.95,1,0.8,5
"67","X3.4",3,0.85,0.85,0.8,5
"68","X4.4",4,0.4,0.5,0.8,5
"69","X5.4",5,0.6,0.7,0.8,5
"70","X6.4",6,0.85,0.85,0.8,5
"71","X7.4",7,1,1,0.8,5
"72","X8.4",8,0.8,0.9,0.8,5
"73","X9.4",9,0.6,0.9,0.8,5
"74","X10.4",10,0.5,0.5,0.8,5
"75","X11.4",11,0.5,0.99,0.8,5
"76","X12.4",12,0.55,0.55,0.8,5
"77","X13.4",13,1,1,0.8,5
"78","X14.4",14,1,1,0.8,5
"79","X15.4",15,0.9,0.8,0.8,5
"80","X16.4",16,0.8,0.9,0.8,5
"81","X1.5",1,0.25,0.6,0.2,6
"82","X2.5",2,0.5,1,0.2,6
"83","X3.5",3,0.25,0.5,0.2,6
"84","X4.5",4,0.7,0.5,0.2,6
"85","X5.5",5,0.25,1,0.2,6
"86","X6.5",6,0.25,0.25,0.2,6
"87","X7.5",7,0.8,1,0.2,6
"88","X8.5",8,0.5,1,0.2,6
"89","X9.5",9,0.8,0.6,0.2,6
"90","X10.5",10,0.25,0.2,0.2,6
"91","X11.5",11,0.25,0.25,0.2,6
"92","X12.5",12,0.65,0.7,0.2,6
"93","X13.5",13,0.7,1,0.2,6
"94","X14.5",14,1,1,0.2,6
"95","X15.5",15,0.5,0.5,0.2,6
"96","X16.5",16,1,1,0.2,6
"97","X1.6",1,0.5,0.6,0.3,7
"98","X2.6",2,1,1,0.3,7
"99","X3.6",3,0.25,0.25,0.3,7
"100","X4.6",4,1,1,0.3,7
"101","X5.6",5,0.6,0.5,0.3,7
"102","X6.6",6,0.5,0.7,0.3,7
"103","X7.6",7,0.5,0.4,0.3,7
"104","X8.6",8,1,1,0.3,7
"105","X9.6",9,0.3,0.7,0.3,7
"106","X10.6",10,0.5,0.5,0.3,7
"107","X11.6",11,0.25,0.25,0.3,7
"108","X12.6",12,1,1,0.3,7
"109","X13.6",13,1,1,0.3,7
"110","X14.6",14,0,0,0.3,7
"111","X15.6",15,1,1,0.3,7
"112","X16.6",16,1,1,0.3,7
"113","X1.7",1,0,0,0.75,8
"114","X2.7",2,1,1,0.75,8
"115","X3.7",3,0.5,0.4,0.75,8
"116","X4.7",4,1,1,0.75,8
"117","X5.7",5,0.5,0.5,0.75,8
"118","X6.7",6,1,1,0.75,8
"119","X7.7",7,0.8,1,0.75,8
"120","X8.7",8,0.5,1,0.75,8
"121","X9.7",9,1,1,0.75,8
"122","X10.7",10,0.5,1,0.75,8
"123","X11.7",11,0.25,0.25,0.75,8
"124","X12.7",12,1,0.5,0.75,8
"125","X13.7",13,1,1,0.75,8
"126","X14.7",14,1,1,0.75,8
"127","X15.7",15,1,1,0.75,8
"128","X16.7",16,1,1,0.75,8
"129","X1.8",1,0.35,0.5,0.5,9
"130","X2.8",2,0.7,0.8,0.5,9
"131","X3.8",3,0.7,0.6,0.5,9
"132","X4.8",4,0.25,0.25,0.5,9
"133","X5.8",5,0.45,0.4,0.5,9
"134","X6.8",6,0.25,0.25,0.5,9
"135","X7.8",7,0.3,0.45,0.5,9
"136","X8.8",8,0.3,0.45,0.5,9
"137","X9.8",9,1,0.9,0.5,9
"138","X10.8",10,0.1,1,0.5,9
"139","X11.8",11,0.25,0.35,0.5,9
"140","X12.8",12,0.4,0.5,0.5,9
"141","X13.8",13,0.35,0.35,0.5,9
"142","X14.8",14,0.9,1,0.5,9
"143","X15.8",15,0.4,0.4,0.5,9
"144","X16.8",16,0.5,0.6,0.5,9
"145","X1.9",1,0.3,0.95,0.85,10
"146","X2.9",2,0.75,0.95,0.85,10
"147","X3.9",3,0.75,0.75,0.85,10
"148","X4.9",4,0.5,0.5,0.85,10
"149","X5.9",5,0.3,1,0.85,10
"150","X6.9",6,0.5,0.6,0.85,10
"151","X7.9",7,0.8,0.8,0.85,10
"152","X8.9",8,0.6,0.85,0.85,10
"153","X9.9",9,0.5,0.5,0.85,10
"154","X10.9",10,1,1,0.85,10
"155","X11.9",11,0.75,0.75,0.85,10
"156","X12.9",12,0.6,0.6,0.85,10
"157","X13.9",13,0.5,0.5,0.85,10
"158","X14.9",14,1,1,0.85,10
"159","X15.9",15,0.5,0.6,0.85,10
"160","X16.9",16,1,1,0.85,10
"161","X1.10",1,0.4,0.4,0.1,11
"162","X2.10",2,0.4,0.4,0.1,11
"163","X3.10",3,0.7,0.7,0.1,11
"164","X4.10",4,0.4,0.4,0.1,11
"165","X5.10",5,0,0.9,0.1,11
"166","X6.10",6,0.6,0.6,0.1,11
"167","X7.10",7,0.8,0.8,0.1,11
"168","X8.10",8,0.4,0.4,0.1,11
"169","X9.10",9,0.5,0.5,0.1,11
"170","X10.10",10,0.4,0.4,0.1,11
"171","X11.10",11,0.2,0.2,0.1,11
"172","X12.10",12,0.4,0.4,0.1,11
"173","X13.10",13,0.8,0.8,0.1,11
"174","X14.10",14,1,1,0.1,11
"175","X15.10",15,0.7,0.7,0.1,11
"176","X16.10",16,0.8,0.8,0.1,11
"177","X1.11",1,0.5,0,0.8,12
"178","X2.11",2,0.1,0.1,0.8,12
"179","X3.11",3,0.5,0.7,0.8,12
"180","X4.11",4,0.4,0.5,0.8,12
"181","X5.11",5,0.6,0.7,0.8,12
"182","X6.11",6,0.6,0.6,0.8,12
"183","X7.11",7,0.6,0.7,0.8,12
"184","X8.11",8,0.5,0.4,0.8,12
"185","X9.11",9,0.6,0.5,0.8,12
"186","X10.11",10,0.5,0.4,0.8,12
"187","X11.11",11,0.2,0.4,0.8,12
"188","X12.11",12,0.3,0.4,0.8,12
"189","X13.11",13,0.1,0.6,0.8,12
"190","X14.11",14,0.9,1,0.8,12
"191","X15.11",15,0.7,1,0.8,12
"192","X16.11",16,0.5,0.6,0.8,12
"193","X1.12",1,0.5,0.6,0.5,13
"194","X2.12",2,0.3,0.4,0.5,13
"195","X3.12",3,0.5,0.6,0.5,13
"196","X4.12",4,0.4,0.4,0.5,13
"197","X5.12",5,0.8,1,0.5,13
"198","X6.12",6,0.15,0.3,0.5,13
"199","X7.12",7,0.5,0.8,0.5,13
"200","X8.12",8,0.8,1,0.5,13
"201","X9.12",9,0.5,0.5,0.5,13
"202","X10.12",10,1,1,0.5,13
"203","X11.12",11,0.5,0.6,0.5,13
"204","X12.12",12,0.5,0.5,0.5,13
"205","X13.12",13,0.8,1,0.5,13
"206","X14.12",14,0.4,0.5,0.5,13
"207","X15.12",15,1,1,0.5,13
"208","X16.12",16,1,1,0.5,13
"209","X1.13",1,0.2,1,0.9,14
"210","X2.13",2,1,1,0.9,14
"211","X3.13",3,1,1,0.9,14
"212","X4.13",4,0.9,1,0.9,14
"213","X5.13",5,1,1,0.9,14
"214","X6.13",6,0.2,0.4,0.9,14
"215","X7.13",7,1,1,0.9,14
"216","X8.13",8,0.5,0.9,0.9,14
"217","X9.13",9,0,0,0.9,14
"218","X10.13",10,0.4,1,0.9,14
"219","X11.13",11,0.7,1,0.9,14
"220","X12.13",12,0.5,0.5,0.9,14
"221","X13.13",13,1,1,0.9,14
"222","X14.13",14,1,1,0.9,14
"223","X15.13",15,1,1,0.9,14
"224","X16.13",16,1,1,0.9,14
"225","X1.14",1,0.6,1,0.8,15
"226","X2.14",2,0.3,0.7,0.8,15
"227","X3.14",3,0.45,0.4,0.8,15
"228","X4.14",4,0.55,0.95,0.8,15
"229","X5.14",5,0.25,0.78,0.8,15
"230","X6.14",6,0.5,0.8,0.8,15
"231","X7.14",7,0.4,0.7,0.8,15
"232","X8.14",8,0.35,0.9,0.8,15
"233","X9.14",9,0.3,0.35,0.8,15
"234","X10.14",10,0.25,1,0.8,15
"235","X11.14",11,0.25,0.8,0.8,15
"236","X12.14",12,0.35,0.4,0.8,15
"237","X13.14",13,0.5,1,0.8,15
"238","X14.14",14,0.85,1,0.8,15
"239","X15.14",15,0.5,0.9,0.8,15
"240","X16.14",16,0.4,0.6,0.8,15
"241","X1.15",1,0.3,0.45,0.3,16
"242","X2.15",2,0.3,0.25,0.3,16
"243","X3.15",3,0.38,0.35,0.3,16
"244","X4.15",4,0.4,0.4,0.3,16
"245","X5.15",5,0.9,0.8,0.3,16
"246","X6.15",6,0.3,0.4,0.3,16
"247","X7.15",7,0.65,0.6,0.3,16
"248","X8.15",8,0.5,0.7,0.3,16
"249","X9.15",9,0.45,0.4,0.3,16
"250","X10.15",10,0.6,0.55,0.3,16
"251","X11.15",11,0.5,0.6,0.3,16
"252","X12.15",12,0.55,0.58,0.3,16
"253","X13.15",13,0.35,0.35,0.3,16
"254","X14.15",14,1,0.8,0.3,16
"255","X15.15",15,0.8,1,0.3,16
"256","X16.15",16,0.65,0.6,0.3,16
"257","X1.16",1,1,1,0.95,17
"258","X2.16",2,0.25,0.5,0.95,17
"259","X3.16",3,1,1,0.95,17
"260","X4.16",4,0.25,0.5,0.95,17
"261","X5.16",5,0.25,0.5,0.95,17
"262","X6.16",6,0.5,1,0.95,17
"263","X7.16",7,0.5,1,0.95,17
"264","X8.16",8,0.35,0.5,0.95,17
"265","X9.16",9,0.5,0.5,0.95,17
"266","X10.16",10,0.75,0.7,0.95,17
"267","X11.16",11,0.5,0.5,0.95,17
"268","X12.16",12,0.5,1,0.95,17
"269","X13.16",13,0.5,1,0.95,17
"270","X14.16",14,1,1,0.95,17
"271","X15.16",15,1,1,0.95,17
"272","X16.16",16,0.75,1,0.95,17
"273","X1.17",1,0.4,0.5,0.8,18
"274","X2.17",2,0.7,0.7,0.8,18
"275","X3.17",3,0.85,1,0.8,18
"276","X4.17",4,0.4,0.45,0.8,18
"277","X5.17",5,0.8,0.9,0.8,18
"278","X6.17",6,0.75,1,0.8,18
"279","X7.17",7,0.6,0.6,0.8,18
"280","X8.17",8,0.75,1,0.8,18
"281","X9.17",9,0.85,1,0.8,18
"282","X10.17",10,0.55,1,0.8,18
"283","X11.17",11,0.3,0.25,0.8,18
"284","X12.17",12,0.4,1,0.8,18
"285","X13.17",13,0.4,0.55,0.8,18
"286","X14.17",14,0.9,1,0.8,18
"287","X15.17",15,1,1,0.8,18
"288","X16.17",16,1,1,0.8,18
"289","X1.18",1,0.6,0.6,0.9,19
"290","X2.18",2,0.5,1,0.9,19
"291","X3.18",3,0.5,0.9,0.9,19
"292","X4.18",4,0.7,1,0.9,19
"293","X5.18",5,0.7,1,0.9,19
"294","X6.18",6,0.4,1,0.9,19
"295","X7.18",7,0.5,1,0.9,19
"296","X8.18",8,0.5,1,0.9,19
"297","X9.18",9,0.7,1,0.9,19
"298","X10.18",10,0.2,1,0.9,19
"299","X11.18",11,0.5,1,0.9,19
"300","X12.18",12,0.5,1,0.9,19
"301","X13.18",13,0.7,1,0.9,19
"302","X14.18",14,0.5,1,0.9,19
"303","X15.18",15,0.5,1,0.9,19
"304","X16.18",16,0.5,1,0.9,19
"305","X1.19",1,0.05,0.9,0.4,20
"306","X2.19",2,0.3,0.4,0.4,20
"307","X3.19",3,0.2,0.4,0.4,20
"308","X4.19",4,0.6,0.4,0.4,20
"309","X5.19",5,0.5,0.7,0.4,20
"310","X6.19",6,0.4,0.3,0.4,20
"311","X7.19",7,0.3,0.6,0.4,20
"312","X8.19",8,0.2,0.4,0.4,20
"313","X9.19",9,1,0.9,0.4,20
"314","X10.19",10,0.2,0.3,0.4,20
"315","X11.19",11,0.2,1,0.4,20
"316","X12.19",12,0.2,0.3,0.4,20
"317","X13.19",13,0.2,0.3,0.4,20
"318","X14.19",14,1,1,0.4,20
"319","X15.19",15,0.1,0.3,0.4,20
"320","X16.19",16,0.3,0.3,0.4,20
"321","X1.20",1,0.78,1,0.6,21
"322","X2.20",2,0.7,1,0.6,21
"323","X3.20",3,0.55,1,0.6,21
"324","X4.20",4,0.65,1,0.6,21
"325","X5.20",5,0.6,1,0.6,21
"326","X6.20",6,1,1,0.6,21
"327","X7.20",7,1,1,0.6,21
"328","X8.20",8,0.4,0.5,0.6,21
"329","X9.20",9,0.6,1,0.6,21
"330","X10.20",10,0.6,1,0.6,21
"331","X11.20",11,0.4,0.5,0.6,21
"332","X12.20",12,0.35,0.5,0.6,21
"333","X13.20",13,1,1,0.6,21
"334","X14.20",14,1,1,0.6,21
"335","X15.20",15,1,1,0.6,21
"336","X16.20",16,0.2,0.5,0.6,21
"337","X1.21",1,0.5,0.5,0.9,22
"338","X2.21",2,0.25,0.5,0.9,22
"339","X3.21",3,0.5,1,0.9,22
"340","X4.21",4,0.75,1,0.9,22
"341","X5.21",5,0.5,0.75,0.9,22
"342","X6.21",6,0.5,0.5,0.9,22
"343","X7.21",7,0.5,1,0.9,22
"344","X8.21",8,0.75,1,0.9,22
"345","X9.21",9,0.5,0.5,0.9,22
"346","X10.21",10,0.5,1,0.9,22
"347","X11.21",11,0.25,0.75,0.9,22
"348","X12.21",12,1,1,0.9,22
"349","X13.21",13,0,0,0.9,22
"350","X14.21",14,0.75,1,0.9,22
"351","X15.21",15,1,1,0.9,22
"352","X16.21",16,1,1,0.9,22
"353","X1.22",1,0.5,1,0.7,23
"354","X2.22",2,0.6,1,0.7,23
"355","X3.22",3,0.7,1,0.7,23
"356","X4.22",4,0.6,1,0.7,23
"357","X5.22",5,0.5,1,0.7,23
"358","X6.22",6,0.3,0.5,0.7,23
"359","X7.22",7,0.3,0.3,0.7,23
"360","X8.22",8,0.4,0.6,0.7,23
"361","X9.22",9,0.5,0.5,0.7,23
"362","X10.22",10,0.25,0.4,0.7,23
"363","X11.22",11,0.3,0.5,0.7,23
"364","X12.22",12,0.4,0.5,0.7,23
"365","X13.22",13,0.7,1,0.7,23
"366","X14.22",14,0.6,1,0.7,23
"367","X15.22",15,0.5,1,0.7,23
"368","X16.22",16,0.2,0.6,0.7,23
"369","X1.23",1,0.55,0.7,0.75,24
"370","X2.23",2,0.75,1,0.75,24
"371","X3.23",3,0.7,0.45,0.75,24
"372","X4.23",4,0.5,0.3,0.75,24
"373","X5.23",5,0.3,0.4,0.75,24
"374","X6.23",6,0.6,0.75,0.75,24
"375","X7.23",7,0.3,0.25,0.75,24
"376","X8.23",8,0.6,0.6,0.75,24
"377","X9.23",9,0.55,1,0.75,24
"378","X10.23",10,0.5,0.5,0.75,24
"379","X11.23",11,0.5,0.5,0.75,24
"380","X12.23",12,0.5,0.5,0.75,24
"381","X13.23",13,0.5,0.55,0.75,24
"382","X14.23",14,1,1,0.75,24
"383","X15.23",15,1,0.85,0.75,24
"384","X16.23",16,1,1,0.75,24
"385","X1.24",1,0.3,0.4,0.85,25
"386","X2.24",2,0.75,1,0.85,25
"387","X3.24",3,0.55,0.7,0.85,25
"388","X4.24",4,0.33,0.33,0.85,25
"389","X5.24",5,0.5,1,0.85,25
"390","X6.24",6,0.4,1,0.85,25
"391","X7.24",7,0.5,1,0.85,25
"392","X8.24",8,0.3,0.5,0.85,25
"393","X9.24",9,0.35,0.5,0.85,25
"394","X10.24",10,0.25,0.34,0.85,25
"395","X11.24",11,0.6,0.5,0.85,25
"396","X12.24",12,0.5,0.5,0.85,25
"397","X13.24",13,0.8,1,0.85,25
"398","X14.24",14,0.7,1,0.85,25
"399","X15.24",15,0.75,1,0.85,25
"400","X16.24",16,0.4,1,0.85,25
"401","X1.25",1,0.6,0.8,0.2,26
"402","X2.25",2,0.3,0.35,0.2,26
"403","X3.25",3,0.25,0.25,0.2,26
"404","X4.25",4,0.45,0.6,0.2,26
"405","X5.25",5,0.85,0.9,0.2,26
"406","X6.25",6,0.35,0.5,0.2,26
"407","X7.25",7,0.25,0.25,0.2,26
"408","X8.25",8,0.7,1,0.2,26
"409","X9.25",9,0.1,0.25,0.2,26
"410","X10.25",10,0.15,0.5,0.2,26
"411","X11.25",11,0.05,0.8,0.2,26
"412","X12.25",12,0.15,0.8,0.2,26
"413","X13.25",13,0.8,0.9,0.2,26
"414","X14.25",14,0.85,1,0.2,26
"415","X15.25",15,0.9,0.5,0.2,26
"416","X16.25",16,0.9,0.6,0.2,26
"417","X1.26",1,0.8,1,0.9,27
"418","X2.26",2,1,1,0.9,27
"419","X3.26",3,0.8,1,0.9,27
"420","X4.26",4,0.25,0.5,0.9,27
"421","X5.26",5,1,1,0.9,27
"422","X6.26",6,0.25,0.25,0.9,27
"423","X7.26",7,0.25,0.25,0.9,27
"424","X8.26",8,0.25,0.25,0.9,27
"425","X9.26",9,0.3,0.3,0.9,27
"426","X10.26",10,0.5,0.5,0.9,27
"427","X11.26",11,0.5,0.5,0.9,27
"428","X12.26",12,0.5,0.5,0.9,27
"429","X13.26",13,0.5,0.5,0.9,27
"430","X14.26",14,0.25,0.25,0.9,27
"431","X15.26",15,1,1,0.9,27
"432","X16.26",16,1,1,0.9,27
"433","X1.27",1,0.5,0.5,0.5,28
"434","X2.27",2,0.5,0.5,0.5,28
"435","X3.27",3,1,1,0.5,28
"436","X4.27",4,0.25,0.25,0.5,28
"437","X5.27",5,0.25,0.25,0.5,28
"438","X6.27",6,0.25,0.25,0.5,28
"439","X7.27",7,0.25,0.25,0.5,28
"440","X8.27",8,0.5,1,0.5,28
"441","X9.27",9,0.5,0.5,0.5,28
"442","X10.27",10,0.34,0.34,0.5,28
"443","X11.27",11,0.25,0.25,0.5,28
"444","X12.27",12,1,1,0.5,28
"445","X13.27",13,0,0,0.5,28
"446","X14.27",14,1,1,0.5,28
"447","X15.27",15,0.5,0.33,0.5,28
"448","X16.27",16,0.34,0.34,0.5,28
"449","X1.28",1,0.7,1,0.95,29
"450","X2.28",2,0.6,1,0.95,29
"451","X3.28",3,0.25,0.5,0.95,29
"452","X4.28",4,0.25,1,0.95,29
"453","X5.28",5,0.25,0.5,0.95,29
"454","X6.28",6,0.25,0.25,0.95,29
"455","X7.28",7,0.75,1,0.95,29
"456","X8.28",8,0.34,0.34,0.95,29
"457","X9.28",9,0.5,1,0.95,29
"458","X10.28",10,0.6,1,0.95,29
"459","X11.28",11,0.5,0.5,0.95,29
"460","X12.28",12,0.5,0.5,0.95,29
"461","X13.28",13,0.25,1,0.95,29
"462","X14.28",14,1,1,0.95,29
"463","X15.28",15,0.5,1,0.95,29
"464","X16.28",16,0.25,0.5,0.95,29
"465","X1.29",1,0.4,0.7,0.95,30
"466","X2.29",2,0.8,1,0.95,30
"467","X3.29",3,0.8,1,0.95,30
"468","X4.29",4,0.7,0.9,0.95,30
"469","X5.29",5,0.6,0.9,0.95,30
"470","X6.29",6,0.6,0.8,0.95,30
"471","X7.29",7,0.25,0.4,0.95,30
"472","X8.29",8,0.8,1,0.95,30
"473","X9.29",9,0.3,0.5,0.95,30
"474","X10.29",10,0.25,0.7,0.95,30
"475","X11.29",11,0.25,0.9,0.95,30
"476","X12.29",12,0.25,0.4,0.95,30
"477","X13.29",13,0.91,1,0.95,30
"478","X14.29",14,0.9,1,0.95,30
"479","X15.29",15,0.9,1,0.95,30
"480","X16.29",16,0.4,0.4,0.95,30
"481","X1.30",1,0.75,0.75,0.6,31
"482","X2.30",2,0.25,0.25,0.6,31
"483","X3.30",3,0.48,0.88,0.6,31
"484","X4.30",4,0.25,0.25,0.6,31
"485","X5.30",5,0.4,0.6,0.6,31
"486","X6.30",6,0.25,0.25,0.6,31
"487","X7.30",7,0.25,0.5,0.6,31
"488","X8.30",8,0.4,1,0.6,31
"489","X9.30",9,0.7,0.25,0.6,31
"490","X10.30",10,0.25,0.5,0.6,31
"491","X11.30",11,0.25,0.25,0.6,31
"492","X12.30",12,0.25,0.55,0.6,31
"493","X13.30",13,0.8,1,0.6,31
"494","X14.30",14,0.8,1,0.6,31
"495","X15.30",15,0.85,0.85,0.6,31
"496","X16.30",16,0.5,0.25,0.6,31
"497","X1.31",1,0.25,0.25,0.1,32
"498","X2.31",2,0.25,0.25,0.1,32
"499","X3.31",3,0.25,0.25,0.1,32
"500","X4.31",4,0.25,0.25,0.1,32
"501","X5.31",5,0.25,0.25,0.1,32
"502","X6.31",6,0.25,0.25,0.1,32
"503","X7.31",7,0.25,0.25,0.1,32
"504","X8.31",8,0.25,0.25,0.1,32
"505","X9.31",9,0.25,0.25,0.1,32
"506","X10.31",10,0.25,0.25,0.1,32
"507","X11.31",11,0.25,0.25,0.1,32
"508","X12.31",12,0.5,0.25,0.1,32
"509","X13.31",13,0,0,0.1,32
"510","X14.31",14,0.5,0.5,0.1,32
"511","X15.31",15,0.5,0.5,0.1,32
"512","X16.31",16,0,0,0.1,32
"513","X1.32",1,0.6,0.75,0.9,33
"514","X2.32",2,0.9,0.95,0.9,33
"515","X3.32",3,0.9,0.9,0.9,33
"516","X4.32",4,0.6,0.7,0.9,33
"517","X5.32",5,0.4,0.5,0.9,33
"518","X6.32",6,0.3,0.4,0.9,33
"519","X7.32",7,0.8,0.9,0.9,33
"520","X8.32",8,0.4,0.8,0.9,33
"521","X9.32",9,0.5,0.8,0.9,33
"522","X10.32",10,0.4,0.5,0.9,33
"523","X11.32",11,0.3,0.9,0.9,33
"524","X12.32",12,0.5,0.9,0.9,33
"525","X13.32",13,0.8,0.9,0.9,33
"526","X14.32",14,0.8,1,0.9,33
"527","X15.32",15,0.8,0.9,0.9,33
"528","X16.32",16,0.4,0.7,0.9,33
"529","X1.33",1,0.4,0.4,0.95,34
"530","X2.33",2,0.4,0.55,0.95,34
"531","X3.33",3,0.3,0.5,0.95,34
"532","X4.33",4,0.3,0.7,0.95,34
"533","X5.33",5,0.5,0.75,0.95,34
"534","X6.33",6,0.7,0.7,0.95,34
"535","X7.33",7,0.4,0.7,0.95,34
"536","X8.33",8,0.25,0.5,0.95,34
"537","X9.33",9,0.3,0.4,0.95,34
"538","X10.33",10,0.3,0.4,0.95,34
"539","X11.33",11,0.3,0.6,0.95,34
"540","X12.33",12,0.6,0.6,0.95,34
"541","X13.33",13,0.2,0,0.95,34
"542","X14.33",14,0.7,1,0.95,34
"543","X15.33",15,0.5,1,0.95,34
"544","X16.33",16,0.4,0.8,0.95,34
"545","X1.34",1,0.8,0.9,0.5,35
"546","X2.34",2,0.7,0.6,0.5,35
"547","X3.34",3,0.5,0.7,0.5,35
"548","X4.34",4,0.5,0.6,0.5,35
"549","X5.34",5,0.7,0.5,0.5,35
"550","X6.34",6,0.7,0.8,0.5,35
"551","X7.34",7,0.8,0.7,0.5,35
"552","X8.34",8,0.9,1,0.5,35
"553","X9.34",9,0.3,0.3,0.5,35
"554","X10.34",10,0.25,0.35,0.5,35
"555","X11.34",11,0.4,0.4,0.5,35
"556","X12.34",12,0.5,0.5,0.5,35
"557","X13.34",13,0.4,0.5,0.5,35
"558","X14.34",14,0.8,0.8,0.5,35
"559","X15.34",15,0.6,0.7,0.5,35
"560","X16.34",16,0.7,0.8,0.5,35
"561","X1.35",1,0.34,1,0.95,36
"562","X2.35",2,0.25,0.25,0.95,36
"563","X3.35",3,0.25,0.25,0.95,36
"564","X4.35",4,0.25,0.25,0.95,36
"565","X5.35",5,1,1,0.95,36
"566","X6.35",6,0.25,1,0.95,36
"567","X7.35",7,0.25,1,0.95,36
"568","X8.35",8,0.25,0.25,0.95,36
"569","X9.35",9,0.5,0.5,0.95,36
"570","X10.35",10,0.25,0.25,0.95,36
"571","X11.35",11,0.25,0.25,0.95,36
"572","X12.35",12,0.25,0.25,0.95,36
"573","X13.35",13,0.25,0.25,0.95,36
"574","X14.35",14,0.25,1,0.95,36
"575","X15.35",15,0.25,1,0.95,36
"576","X16.35",16,0.25,1,0.95,36
"577","X1.36",1,0.5,0.25,0.5,37
"578","X2.36",2,0,0,0.5,37
"579","X3.36",3,0.5,0.5,0.5,37
"580","X4.36",4,0.34,0.34,0.5,37
"581","X5.36",5,0.45,0.3,0.5,37
"582","X6.36",6,0.25,0.25,0.5,37
"583","X7.36",7,0.3,0.3,0.5,37
"584","X8.36",8,1,0.96,0.5,37
"585","X9.36",9,0.5,0.75,0.5,37
"586","X10.36",10,0.5,0.5,0.5,37
"587","X11.36",11,0.5,0.5,0.5,37
"588","X12.36",12,0.34,0.34,0.5,37
"589","X13.36",13,0.25,0.25,0.5,37
"590","X14.36",14,1,0.75,0.5,37
"591","X15.36",15,1,1,0.5,37
"592","X16.36",16,0.25,0.25,0.5,37
"593","X1.37",1,0.8,1,0.67,38
"594","X2.37",2,0.4,0.4,0.67,38
"595","X3.37",3,0.65,1,0.67,38
"596","X4.37",4,0.7,1,0.67,38
"597","X5.37",5,0.4,0.4,0.67,38
"598","X6.37",6,0.8,1,0.67,38
"599","X7.37",7,0.7,0.4,0.67,38
"600","X8.37",8,0.8,0.8,0.67,38
"601","X9.37",9,0.2,0.6,0.67,38
"602","X10.37",10,0.3,0.3,0.67,38
"603","X11.37",11,0.55,0.4,0.67,38
"604","X12.37",12,0.3,0.3,0.67,38
"605","X13.37",13,1,1,0.67,38
"606","X14.37",14,0.6,1,0.67,38
"607","X15.37",15,1,1,0.67,38
"608","X16.37",16,0.3,0.4,0.67,38
"609","X1.38",1,0.6,0.5,0.75,39
"610","X2.38",2,0.6,0.7,0.75,39
"611","X3.38",3,0.4,0.4,0.75,39
"612","X4.38",4,0.5,0.8,0.75,39
"613","X5.38",5,0.5,0.9,0.75,39
"614","X6.38",6,0.5,0.8,0.75,39
"615","X7.38",7,0.8,0.8,0.75,39
"616","X8.38",8,0.3,0.9,0.75,39
"617","X9.38",9,0.6,0.8,0.75,39
"618","X10.38",10,0.6,0.8,0.75,39
"619","X11.38",11,0.7,0.8,0.75,39
"620","X12.38",12,0.3,0.5,0.75,39
"621","X13.38",13,0.7,0.9,0.75,39
"622","X14.38",14,0.6,0.8,0.75,39
"623","X15.38",15,0.7,0.9,0.75,39
"624","X16.38",16,0.7,0.9,0.75,39
"625","X1.39",1,0.7,0.9,0.5,40
"626","X2.39",2,0.7,0.85,0.5,40
"627","X3.39",3,0.7,0.85,0.5,40
"628","X4.39",4,0.6,0.4,0.5,40
"629","X5.39",5,0.4,0.4,0.5,40
"630","X6.39",6,0.4,0.4,0.5,40
"631","X7.39",7,0.4,0.4,0.5,40
"632","X8.39",8,0.4,1,0.5,40
"633","X9.39",9,0.25,0.25,0.5,40
"634","X10.39",10,0.25,0.25,0.5,40
"635","X11.39",11,0.3,0.5,0.5,40
"636","X12.39",12,0.3,0.3,0.5,40
"637","X13.39",13,0.3,0.35,0.5,40
"638","X14.39",14,0.7,1,0.5,40
"639","X15.39",15,0.85,1,0.5,40
"640","X16.39",16,0.25,0.25,0.5,40
"641","X1.40",1,0.15,0.15,0.75,41
"642","X2.40",2,0.75,0.75,0.75,41
"643","X3.40",3,0.15,0.9,0.75,41
"644","X4.40",4,0.25,0.25,0.75,41
"645","X5.40",5,0,0.6,0.75,41
"646","X6.40",6,0.25,0.25,0.75,41
"647","X7.40",7,0.25,0.25,0.75,41
"648","X8.40",8,0.5,0.9,0.75,41
"649","X9.40",9,0.6,0.9,0.75,41
"650","X10.40",10,0.25,0.25,0.75,41
"651","X11.40",11,0.5,0.5,0.75,41
"652","X12.40",12,0.25,0.25,0.75,41
"653","X13.40",13,0.5,0.5,0.75,41
"654","X14.40",14,0.7,1,0.75,41
"655","X15.40",15,0.4,1,0.75,41
"656","X16.40",16,0.3,0.5,0.75,41
"657","X1.41",1,0.5,0.9,0.75,42
"658","X2.41",2,0.5,0.7,0.75,42
"659","X3.41",3,0.4,0.5,0.75,42
"660","X4.41",4,0.4,0.7,0.75,42
"661","X5.41",5,0.3,0.5,0.75,42
"662","X6.41",6,0.4,0.6,0.75,42
"663","X7.41",7,0.4,0.88,0.75,42
"664","X8.41",8,0.4,0.4,0.75,42
"665","X9.41",9,0.75,0.9,0.75,42
"666","X10.41",10,0.25,0.4,0.75,42
"667","X11.41",11,0.25,0.35,0.75,42
"668","X12.41",12,0.4,0.35,0.75,42
"669","X13.41",13,0.5,0.65,0.75,42
"670","X14.41",14,0.75,1,0.75,42
"671","X15.41",15,0.9,0.95,0.75,42
"672","X16.41",16,0.9,1,0.75,42
"673","X1.42",1,0.8,1,0.75,43
"674","X2.42",2,0.6,1,0.75,43
"675","X3.42",3,0.6,1,0.75,43
"676","X4.42",4,0.5,0.5,0.75,43
"677","X5.42",5,1,1,0.75,43
"678","X6.42",6,1,1,0.75,43
"679","X7.42",7,1,1,0.75,43
"680","X8.42",8,0.5,0.5,0.75,43
"681","X9.42",9,0.6,0.7,0.75,43
"682","X10.42",10,0.7,0.3,0.75,43
"683","X11.42",11,0.8,0.9,0.75,43
"684","X12.42",12,0.7,0.7,0.75,43
"685","X13.42",13,1,1,0.75,43
"686","X14.42",14,1,1,0.75,43
"687","X15.42",15,1,1,0.75,43
"688","X16.42",16,0.25,0.25,0.75,43
"689","X1.43",1,0.65,1,0.67,44
"690","X2.43",2,0.6,1,0.67,44
"691","X3.43",3,0.4,1,0.67,44
"692","X4.43",4,0.35,0.7,0.67,44
"693","X5.43",5,0.3,0.45,0.67,44
"694","X6.43",6,0.25,0.45,0.67,44
"695","X7.43",7,0.35,0.55,0.67,44
"696","X8.43",8,0.3,1,0.67,44
"697","X9.43",9,0.65,0.8,0.67,44
"698","X10.43",10,0.5,1,0.67,44
"699","X11.43",11,0.35,0.35,0.67,44
"700","X12.43",12,0.7,0.55,0.67,44
"701","X13.43",13,0.5,0.4,0.67,44
"702","X14.43",14,0.85,1,0.67,44
"703","X15.43",15,0.8,0.6,0.67,44
"704","X16.43",16,0.7,0.65,0.67,44
"705","X1.44",1,0.89,1,0.85,45
"706","X2.44",2,0.45,0.75,0.85,45
"707","X3.44",3,0.7,0.9,0.85,45
"708","X4.44",4,0.76,0.99,0.85,45
"709","X5.44",5,0.5,0.8,0.85,45
"710","X6.44",6,0.3,0.75,0.85,45
"711","X7.44",7,0.45,0.4,0.85,45
"712","X8.44",8,0.45,0.8,0.85,45
"713","X9.44",9,0.4,0.65,0.85,45
"714","X10.44",10,0.4,0.8,0.85,45
"715","X11.44",11,0.33,0.4,0.85,45
"716","X12.44",12,0.35,0.5,0.85,45
"717","X13.44",13,0.53,0.8,0.85,45
"718","X14.44",14,0.85,1,0.85,45
"719","X15.44",15,0.85,0.98,0.85,45
"720","X16.44",16,0.7,0.85,0.85,45
"721","X1.45",1,1,0.95,0.9,46
"722","X2.45",2,0.99,1,0.9,46
"723","X3.45",3,0.75,1,0.9,46
"724","X4.45",4,0.3,0.9,0.9,46
"725","X5.45",5,0.75,1,0.9,46
"726","X6.45",6,0.25,0.5,0.9,46
"727","X7.45",7,0.5,0.75,0.9,46
"728","X8.45",8,0.95,1,0.9,46
"729","X9.45",9,0.6,0.75,0.9,46
"730","X10.45",10,0.45,0.5,0.9,46
"731","X11.45",11,0.25,0.5,0.9,46
"732","X12.45",12,1,1,0.9,46
"733","X13.45",13,0.8,1,0.9,46
"734","X14.45",14,0.95,1,0.9,46
"735","X15.45",15,0.85,1,0.9,46
"736","X16.45",16,1,1,0.9,46
"737","X1.46",1,0.4,1,0.85,47
"738","X2.46",2,0.7,1,0.85,47
"739","X3.46",3,1,1,0.85,47
"740","X4.46",4,0.5,0.5,0.85,47
"741","X5.46",5,0.7,1,0.85,47
"742","X6.46",6,0.25,1,0.85,47
"743","X7.46",7,0.4,1,0.85,47
"744","X8.46",8,0.7,1,0.85,47
"745","X9.46",9,0.5,0.5,0.85,47
"746","X10.46",10,0.25,0.25,0.85,47
"747","X11.46",11,0.25,0.25,0.85,47
"748","X12.46",12,0.5,0.55,0.85,47
"749","X13.46",13,0.25,0.25,0.85,47
"750","X14.46",14,1,1,0.85,47
"751","X15.46",15,1,1,0.85,47
"752","X16.46",16,0.7,0.7,0.85,47
"753","X1.47",1,0.9,1,0.6,48
"754","X2.47",2,0.7,1,0.6,48
"755","X3.47",3,0.4,0.6,0.6,48
"756","X4.47",4,0.25,0.35,0.6,48
"757","X5.47",5,0.3,0.9,0.6,48
"758","X6.47",6,0.25,0.2,0.6,48
"759","X7.47",7,0.25,0.25,0.6,48
"760","X8.47",8,0.5,0.5,0.6,48
"761","X9.47",9,0.35,0.35,0.6,48
"762","X10.47",10,0.4,0.5,0.6,48
"763","X11.47",11,0.2,0.4,0.6,48
"764","X12.47",12,0.3,0.6,0.6,48
"765","X13.47",13,0.25,0.25,0.6,48
"766","X14.47",14,0.9,1,0.6,48
"767","X15.47",15,0.9,1,0.6,48
"768","X16.47",16,0.7,0.9,0.6,48
"769","X1.48",1,0.35,0.4,0.1,49
"770","X2.48",2,0.3,0.4,0.1,49
"771","X3.48",3,0.25,0.35,0.1,49
"772","X4.48",4,0.25,0.2,0.1,49
"773","X5.48",5,0.85,0.8,0.1,49
"774","X6.48",6,0.35,0.25,0.1,49
"775","X7.48",7,0.3,0.35,0.1,49
"776","X8.48",8,0.35,0.25,0.1,49
"777","X9.48",9,0.45,0.35,0.1,49
"778","X10.48",10,0.35,0.35,0.1,49
"779","X11.48",11,0.35,0.3,0.1,49
"780","X12.48",12,0.3,0.3,0.1,49
"781","X13.48",13,0.25,0.4,0.1,49
"782","X14.48",14,0.7,0.85,0.1,49
"783","X15.48",15,0.3,0.35,0.1,49
"784","X16.48",16,0.35,0.4,0.1,49
"785","X1.49",1,0.65,1,0.65,50
"786","X2.49",2,0.98,1,0.65,50
"787","X3.49",3,0.9,1,0.65,50
"788","X4.49",4,0.45,0.5,0.65,50
"789","X5.49",5,0.55,0.9,0.65,50
"790","X6.49",6,0.25,0.25,0.65,50
"791","X7.49",7,0.3,0.3,0.65,50
"792","X8.49",8,0.6,0.9,0.65,50
"793","X9.49",9,0.32,0.4,0.65,50
"794","X10.49",10,0.4,0.75,0.65,50
"795","X11.49",11,0.5,0.5,0.65,50
"796","X12.49",12,0.25,0.7,0.65,50
"797","X13.49",13,0.6,0.85,0.65,50
"798","X14.49",14,0.85,1,0.65,50
"799","X15.49",15,0.7,0.9,0.65,50
"800","X16.49",16,0.25,0.4,0.65,50
"801","X1.50",1,0.33,0.33,0.8,51
"802","X2.50",2,0.25,0.25,0.8,51
"803","X3.50",3,0.4,0.45,0.8,51
"804","X4.50",4,0.85,0.8,0.8,51
"805","X5.50",5,0.95,1,0.8,51
"806","X6.50",6,0.25,0.25,0.8,51
"807","X7.50",7,0.2,1,0.8,51
"808","X8.50",8,0.3,0.3,0.8,51
"809","X9.50",9,0.35,0.45,0.8,51
"810","X10.50",10,0.45,0.5,0.8,51
"811","X11.50",11,0.45,0.75,0.8,51
"812","X12.50",12,0.3,0.25,0.8,51
"813","X13.50",13,0.5,0.7,0.8,51
"814","X14.50",14,0.97,1,0.8,51
"815","X15.50",15,0.25,0.35,0.8,51
"816","X16.50",16,0.9,0.95,0.8,51
"817","X1.51",1,0.6,0.5,0.75,52
"818","X2.51",2,0.6,0.6,0.75,52
"819","X3.51",3,0.4,0.5,0.75,52
"820","X4.51",4,0.9,0.8,0.75,52
"821","X5.51",5,1,1,0.75,52
"822","X6.51",6,0.5,0.7,0.75,52
"823","X7.51",7,1,1,0.75,52
"824","X8.51",8,0.5,0.5,0.75,52
"825","X9.51",9,1,1,0.75,52
"826","X10.51",10,0.5,0.6,0.75,52
"827","X11.51",11,0.9,0.8,0.75,52
"828","X12.51",12,1,1,0.75,52
"829","X13.51",13,0.5,0.5,0.75,52
"830","X14.51",14,1,1,0.75,52
"831","X15.51",15,0.6,0.6,0.75,52
"832","X16.51",16,1,1,0.75,52
"833","X1.52",1,0.35,0.5,0.46,53
"834","X2.52",2,0.2,0.3,0.46,53
"835","X3.52",3,0.25,0.4,0.46,53
"836","X4.52",4,0.26,1,0.46,53
"837","X5.52",5,0.5,0.5,0.46,53
"838","X6.52",6,0.25,0.42,0.46,53
"839","X7.52",7,1,1,0.46,53
"840","X8.52",8,0.25,0.35,0.46,53
"841","X9.52",9,0.5,0.6,0.46,53
"842","X10.52",10,0.65,0.7,0.46,53
"843","X11.52",11,0.25,0.25,0.46,53
"844","X12.52",12,0.25,0.25,0.46,53
"845","X13.52",13,0.7,1,0.46,53
"846","X14.52",14,0.85,1,0.46,53
"847","X15.52",15,0.8,1,0.46,53
"848","X16.52",16,0.7,0.4,0.46,53
"849","X1.53",1,0.5,0.5,0.8,54
"850","X2.53",2,0.9,0.8,0.8,54
"851","X3.53",3,0.2,0.3,0.8,54
"852","X4.53",4,0.4,0.35,0.8,54
"853","X5.53",5,0.9,0.8,0.8,54
"854","X6.53",6,0.4,0.4,0.8,54
"855","X7.53",7,0.85,0.75,0.8,54
"856","X8.53",8,0.7,0.5,0.8,54
"857","X9.53",9,0.7,0.6,0.8,54
"858","X10.53",10,0.7,0.5,0.8,54
"859","X11.53",11,0.5,0.35,0.8,54
"860","X12.53",12,0.4,0.4,0.8,54
"861","X13.53",13,0.85,0.7,0.8,54
"862","X14.53",14,0.02,1,0.8,54
"863","X15.53",15,0.8,0.8,0.8,54
"864","X16.53",16,0.4,0.4,0.8,54
"865","X1.54",1,0.5,1,0.65,55
"866","X2.54",2,0.5,1,0.65,55
"867","X3.54",3,0.3,0.75,0.65,55
"868","X4.54",4,0.4,1,0.65,55
"869","X5.54",5,0.7,1,0.65,55
"870","X6.54",6,0.25,0.25,0.65,55
"871","X7.54",7,0.25,0.5,0.65,55
"872","X8.54",8,0.5,1,0.65,55
"873","X9.54",9,0.5,0.7,0.65,55
"874","X10.54",10,0.35,0.8,0.65,55
"875","X11.54",11,0.6,0.5,0.65,55
"876","X12.54",12,0.8,1,0.65,55
"877","X13.54",13,1,1,0.65,55
"878","X14.54",14,0.9,1,0.65,55
"879","X15.54",15,0.8,1,0.65,55
"880","X16.54",16,0.25,0.5,0.65,55
"881","X1.55",1,0.47,0.55,0.9,56
"882","X2.55",2,0.8,0.95,0.9,56
"883","X3.55",3,0.79,0.92,0.9,56
"884","X4.55",4,0.54,0.78,0.9,56
"885","X5.55",5,0.72,0.8,0.9,56
"886","X6.55",6,0.2,0.55,0.9,56
"887","X7.55",7,0.2,0.25,0.9,56
"888","X8.55",8,0.3,0.65,0.9,56
"889","X9.55",9,0.7,0.6,0.9,56
"890","X10.55",10,0.55,0.75,0.9,56
"891","X11.55",11,0.3,1,0.9,56
"892","X12.55",12,0.5,0.6,0.9,56
"893","X13.55",13,0.64,0.8,0.9,56
"894","X14.55",14,0.85,1,0.9,56
"895","X15.55",15,0.7,0.85,0.9,56
"896","X16.55",16,0.4,0.75,0.9,56
"897","X1.56",1,0.35,0.35,0.4,57
"898","X2.56",2,0.5,0.8,0.4,57
"899","X3.56",3,0.3,0.3,0.4,57
"900","X4.56",4,0.5,0.85,0.4,57
"901","X5.56",5,0.85,0.9,0.4,57
"902","X6.56",6,0.7,0.2,0.4,57
"903","X7.56",7,0.4,0.4,0.4,57
"904","X8.56",8,0.4,0.4,0.4,57
"905","X9.56",9,0.4,0.3,0.4,57
"906","X10.56",10,0.55,0.45,0.4,57
"907","X11.56",11,0.55,0.55,0.4,57
"908","X12.56",12,0.55,0.25,0.4,57
"909","X13.56",13,0.25,0.35,0.4,57
"910","X14.56",14,0.25,0.25,0.4,57
"911","X15.56",15,0.35,0.35,0.4,57
"912","X16.56",16,0.35,0.35,0.4,57
"913","X1.57",1,0.33,0.45,0.35,58
"914","X2.57",2,0.5,0.6,0.35,58
"915","X3.57",3,0.25,0.25,0.35,58
"916","X4.57",4,0.4,0.4,0.35,58
"917","X5.57",5,0.25,0.6,0.35,58
"918","X6.57",6,0.25,0.25,0.35,58
"919","X7.57",7,0.4,0.4,0.35,58
"920","X8.57",8,0.25,0.5,0.35,58
"921","X9.57",9,0.25,0.4,0.35,58
"922","X10.57",10,0.25,0.25,0.35,58
"923","X11.57",11,0.5,0.6,0.35,58
"924","X12.57",12,0.25,0.4,0.35,58
"925","X13.57",13,0.5,0.7,0.35,58
"926","X14.57",14,0.8,1,0.35,58
"927","X15.57",15,0.5,0.6,0.35,58
"928","X16.57",16,0.25,0.25,0.35,58
"929","X1.58",1,0.25,0.25,0.25,59
"930","X2.58",2,0.8,1,0.25,59
"931","X3.58",3,0.5,0.25,0.25,59
"932","X4.58",4,0.8,0.25,0.25,59
"933","X5.58",5,0.75,0.25,0.25,59
"934","X6.58",6,0.4,0.25,0.25,59
"935","X7.58",7,0.7,0.25,0.25,59
"936","X8.58",8,1,1,0.25,59
"937","X9.58",9,0.9,1,0.25,59
"938","X10.58",10,0.7,0.25,0.25,59
"939","X11.58",11,1,1,0.25,59
"940","X12.58",12,0.25,0.25,0.25,59
"941","X13.58",13,0.25,0.25,0.25,59
"942","X14.58",14,0.5,0.25,0.25,59
"943","X15.58",15,1,0.25,0.25,59
"944","X16.58",16,0.7,0.25,0.25,59
"945","X1.59",1,0.25,0.5,0.7,60
"946","X2.59",2,0.25,0.5,0.7,60
"947","X3.59",3,0.7,0.5,0.7,60
"948","X4.59",4,0.5,0.4,0.7,60
"949","X5.59",5,0.4,0.6,0.7,60
"950","X6.59",6,0.4,0.5,0.7,60
"951","X7.59",7,0.25,0.4,0.7,60
"952","X8.59",8,0.5,0.6,0.7,60
"953","X9.59",9,0.5,1,0.7,60
"954","X10.59",10,0.5,0.95,0.7,60
"955","X11.59",11,0.5,0.5,0.7,60
"956","X12.59",12,0.5,0.6,0.7,60
"957","X13.59",13,0.5,1,0.7,60
"958","X14.59",14,1,1,0.7,60
"959","X15.59",15,0.5,1,0.7,60
"960","X16.59",16,1,1,0.7,60
"961","X1.60",1,0.2,0.4,0.7,61
"962","X2.60",2,0.25,0.5,0.7,61
"963","X3.60",3,0.5,1,0.7,61
"964","X4.60",4,0.5,1,0.7,61
"965","X5.60",5,0.13,0.75,0.7,61
"966","X6.60",6,0.2,0.5,0.7,61
"967","X7.60",7,0.2,1,0.7,61
"968","X8.60",8,0.4,1,0.7,61
"969","X9.60",9,0.7,1,0.7,61
"970","X10.60",10,0.6,1,0.7,61
"971","X11.60",11,0.25,1,0.7,61
"972","X12.60",12,0.5,1,0.7,61
"973","X13.60",13,1,1,0.7,61
"974","X14.60",14,1,1,0.7,61
"975","X15.60",15,0.7,1,0.7,61
"976","X16.60",16,0.5,1,0.7,61
"977","X1.61",1,0.3,0.4,0.8,62
"978","X2.61",2,0.4,1,0.8,62
"979","X3.61",3,0.4,1,0.8,62
"980","X4.61",4,0.6,1,0.8,62
"981","X5.61",5,0.1,1,0.8,62
"982","X6.61",6,0.35,0.5,0.8,62
"983","X7.61",7,0.1,1,0.8,62
"984","X8.61",8,0.6,1,0.8,62
"985","X9.61",9,0.7,0.7,0.8,62
"986","X10.61",10,0.8,1,0.8,62
"987","X11.61",11,0.6,0.8,0.8,62
"988","X12.61",12,0.7,0.9,0.8,62
"989","X13.61",13,1,1,0.8,62
"990","X14.61",14,1,1,0.8,62
"991","X15.61",15,1,1,0.8,62
"992","X16.61",16,0.5,1,0.8,62
"993","X1.62",1,0.3,1,0.5,63
"994","X2.62",2,0.6,1,0.5,63
"995","X3.62",3,1,1,0.5,63
"996","X4.62",4,1,1,0.5,63
"997","X5.62",5,0.8,1,0.5,63
"998","X6.62",6,0.2,1,0.5,63
"999","X7.62",7,0.25,1,0.5,63
"1000","X8.62",8,0,1,0.5,63
"1001","X9.62",9,0,0,0.5,63
"1002","X10.62",10,0.5,1,0.5,63
"1003","X11.62",11,0,1,0.5,63
"1004","X12.62",12,0,1,0.5,63
"1005","X13.62",13,0.25,0.25,0.5,63
"1006","X14.62",14,1,1,0.5,63
"1007","X15.62",15,1,1,0.5,63
"1008","X16.62",16,0,0,0.5,63
"1009","X1.63",1,0.5,0.2,0.05,64
"1010","X2.63",2,0.7,0.6,0.05,64
"1011","X3.63",3,0.6,0.4,0.05,64
"1012","X4.63",4,0.9,0.8,0.05,64
"1013","X5.63",5,0.8,1,0.05,64
"1014","X6.63",6,0.6,0.7,0.05,64
"1015","X7.63",7,0.3,0.3,0.05,64
"1016","X8.63",8,0.1,0.4,0.05,64
"1017","X9.63",9,0.1,0.4,0.05,64
"1018","X10.63",10,0.3,0.3,0.05,64
"1019","X11.63",11,0.3,0.4,0.05,64
"1020","X12.63",12,0.2,0.2,0.05,64
"1021","X13.63",13,0.5,0.7,0.05,64
"1022","X14.63",14,0.2,0.5,0.05,64
"1023","X15.63",15,0.3,0.4,0.05,64
"1024","X16.63",16,0.5,0.5,0.05,64
"1025","X1.64",1,0.2,0.5,0.7,65
"1026","X2.64",2,0.85,0.9,0.7,65
"1027","X3.64",3,0.4,0.5,0.7,65
"1028","X4.64",4,0.6,0.7,0.7,65
"1029","X5.64",5,0.4,0.46,0.7,65
"1030","X6.64",6,0.25,0.3,0.7,65
"1031","X7.64",7,0.4,0.6,0.7,65
"1032","X8.64",8,0.85,0.9,0.7,65
"1033","X9.64",9,0.33,0.33,0.7,65
"1034","X10.64",10,0.5,0.5,0.7,65
"1035","X11.64",11,0.5,0.66,0.7,65
"1036","X12.64",12,0.25,0.25,0.7,65
"1037","X13.64",13,0.35,0.6,0.7,65
"1038","X14.64",14,0.05,0,0.7,65
"1039","X15.64",15,0.95,1,0.7,65
"1040","X16.64",16,0.8,1,0.7,65
"1041","X1.65",1,0.75,1,0.5,66
"1042","X2.65",2,0.5,0.5,0.5,66
"1043","X3.65",3,0.5,1,0.5,66
"1044","X4.65",4,0.8,0.9,0.5,66
"1045","X5.65",5,1,0.5,0.5,66
"1046","X6.65",6,0.25,0.25,0.5,66
"1047","X7.65",7,0.25,0.25,0.5,66
"1048","X8.65",8,0.4,1,0.5,66
"1049","X9.65",9,0.25,0.9,0.5,66
"1050","X10.65",10,0.5,0.7,0.5,66
"1051","X11.65",11,0.4,0.5,0.5,66
"1052","X12.65",12,0.4,0.5,0.5,66
"1053","X13.65",13,0.75,0.5,0.5,66
"1054","X14.65",14,1,1,0.5,66
"1055","X15.65",15,1,1,0.5,66
"1056","X16.65",16,0.7,0.9,0.5,66
"1057","X1.66",1,0.8,0.8,0.5,67
"1058","X2.66",2,1,1,0.5,67
"1059","X3.66",3,0.7,0.7,0.5,67
"1060","X4.66",4,1,1,0.5,67
"1061","X5.66",5,1,1,0.5,67
"1062","X6.66",6,0.8,1,0.5,67
"1063","X7.66",7,0.8,1,0.5,67
"1064","X8.66",8,0.5,0.8,0.5,67
"1065","X9.66",9,0.8,0.8,0.5,67
"1066","X10.66",10,0.2,0.5,0.5,67
"1067","X11.66",11,0.25,0.25,0.5,67
"1068","X12.66",12,0.5,0.5,0.5,67
"1069","X13.66",13,1,1,0.5,67
"1070","X14.66",14,1,1,0.5,67
"1071","X15.66",15,1,1,0.5,67
"1072","X16.66",16,1,1,0.5,67
"1073","X1.67",1,0.5,0.6,0.05,68
"1074","X2.67",2,0.5,0.6,0.05,68
"1075","X3.67",3,0.6,0.6,0.05,68
"1076","X4.67",4,0.5,0.7,0.05,68
"1077","X5.67",5,0.94,1,0.05,68
"1078","X6.67",6,0.4,0.4,0.05,68
"1079","X7.67",7,0.4,0.7,0.05,68
"1080","X8.67",8,0.5,0.6,0.05,68
"1081","X9.67",9,0.5,0.5,0.05,68
"1082","X10.67",10,0.5,0.5,0.05,68
"1083","X11.67",11,0.4,0.5,0.05,68
"1084","X12.67",12,0.5,0.4,0.05,68
"1085","X13.67",13,1,1,0.05,68
"1086","X14.67",14,0.5,0.95,0.05,68
"1087","X15.67",15,1,1,0.05,68
"1088","X16.67",16,0.7,0.9,0.05,68
"1089","X1.68",1,0.5,1,0.9,69
"1090","X2.68",2,0.5,1,0.9,69
"1091","X3.68",3,0.4,1,0.9,69
"1092","X4.68",4,0.4,0.5,0.9,69
"1093","X5.68",5,0.3,0.3,0.9,69
"1094","X6.68",6,0.25,0.4,0.9,69
"1095","X7.68",7,0.55,0.7,0.9,69
"1096","X8.68",8,0.7,1,0.9,69
"1097","X9.68",9,0.7,0.7,0.9,69
"1098","X10.68",10,0.6,0.9,0.9,69
"1099","X11.68",11,0.4,0.5,0.9,69
"1100","X12.68",12,0.5,0.8,0.9,69
"1101","X13.68",13,0.8,1,0.9,69
"1102","X14.68",14,0.75,1,0.9,69
"1103","X15.68",15,0.6,1,0.9,69
"1104","X16.68",16,0.7,1,0.9,69
"1105","X1.69",1,0.45,0.85,0.65,70
"1106","X2.69",2,0.7,1,0.65,70
"1107","X3.69",3,0.3,0.8,0.65,70
"1108","X4.69",4,0.3,0.6,0.65,70
"1109","X5.69",5,0.2,0.6,0.65,70
"1110","X6.69",6,0.25,0.4,0.65,70
"1111","X7.69",7,0.2,0.25,0.65,70
"1112","X8.69",8,0.25,0.4,0.65,70
"1113","X9.69",9,0.3,0.4,0.65,70
"1114","X10.69",10,0.3,0.4,0.65,70
"1115","X11.69",11,0.15,0.35,0.65,70
"1116","X12.69",12,0.45,0.35,0.65,70
"1117","X13.69",13,0.25,0.25,0.65,70
"1118","X14.69",14,0.75,1,0.65,70
"1119","X15.69",15,0.85,0.85,0.65,70
"1120","X16.69",16,0.75,0.8,0.65,70
"1121","X1.70",1,0.5,1,0.75,71
"1122","X2.70",2,0.75,1,0.75,71
"1123","X3.70",3,0.9,0.95,0.75,71
"1124","X4.70",4,0.5,1,0.75,71
"1125","X5.70",5,0.3,0.5,0.75,71
"1126","X6.70",6,0.5,0.75,0.75,71
"1127","X7.70",7,0.25,0.25,0.75,71
"1128","X8.70",8,0.5,1,0.75,71
"1129","X9.70",9,0.25,0.33,0.75,71
"1130","X10.70",10,0.5,0.8,0.75,71
"1131","X11.70",11,0.5,0.5,0.75,71
"1132","X12.70",12,0.75,0.8,0.75,71
"1133","X13.70",13,0.85,1,0.75,71
"1134","X14.70",14,0.95,1,0.75,71
"1135","X15.70",15,0.95,1,0.75,71
"1136","X16.70",16,0.5,0.75,0.75,71
"1137","X1.71",1,0.25,1,0.75,72
"1138","X2.71",2,1,1,0.75,72
"1139","X3.71",3,1,0,0.75,72
"1140","X4.71",4,0.25,1,0.75,72
"1141","X5.71",5,0.25,0.5,0.75,72
"1142","X6.71",6,0,0,0.75,72
"1143","X7.71",7,1,1,0.75,72
"1144","X8.71",8,1,1,0.75,72
"1145","X9.71",9,1,1,0.75,72
"1146","X10.71",10,0.5,0.5,0.75,72
"1147","X11.71",11,1,1,0.75,72
"1148","X12.71",12,1,1,0.75,72
"1149","X13.71",13,1,1,0.75,72
"1150","X14.71",14,1,1,0.75,72
"1151","X15.71",15,1,1,0.75,72
"1152","X16.71",16,0,0,0.75,72
"1153","X1.72",1,0.45,0.35,0.45,73
"1154","X2.72",2,0.6,0.95,0.45,73
"1155","X3.72",3,0.45,0.45,0.45,73
"1156","X4.72",4,0.5,0.5,0.45,73
"1157","X5.72",5,0.55,0.65,0.45,73
"1158","X6.72",6,0.25,0.7,0.45,73
"1159","X7.72",7,0.4,0.65,0.45,73
"1160","X8.72",8,0.7,1,0.45,73
"1161","X9.72",9,0.4,0.33,0.45,73
"1162","X10.72",10,0.4,0.5,0.45,73
"1163","X11.72",11,0.4,0.5,0.45,73
"1164","X12.72",12,0.3,0.44,0.45,73
"1165","X13.72",13,0.8,0.7,0.45,73
"1166","X14.72",14,0.85,1,0.45,73
"1167","X15.72",15,0.88,0.33,0.45,73
"1168","X16.72",16,0.6,0.48,0.45,73
"1169","X1.73",1,0.8,1,0.75,74
"1170","X2.73",2,0.55,0.9,0.75,74
"1171","X3.73",3,0.75,0.95,0.75,74
"1172","X4.73",4,0.8,1,0.75,74
"1173","X5.73",5,0.5,0.9,0.75,74
"1174","X6.73",6,0.6,0.75,0.75,74
"1175","X7.73",7,0.7,0.6,0.75,74
"1176","X8.73",8,0.7,1,0.75,74
"1177","X9.73",9,0.3,0.8,0.75,74
"1178","X10.73",10,0.4,0.6,0.75,74
"1179","X11.73",11,0.2,0.9,0.75,74
"1180","X12.73",12,0.6,0.8,0.75,74
"1181","X13.73",13,0.9,1,0.75,74
"1182","X14.73",14,0.9,1,0.75,74
"1183","X15.73",15,0.9,1,0.75,74
"1184","X16.73",16,0.9,1,0.75,74
"1185","X1.74",1,0.8,1,0.85,75
"1186","X2.74",2,0.8,1,0.85,75
"1187","X3.74",3,0.75,1,0.85,75
"1188","X4.74",4,0.9,1,0.85,75
"1189","X5.74",5,0.3,1,0.85,75
"1190","X6.74",6,0.8,0.8,0.85,75
"1191","X7.74",7,0.6,1,0.85,75
"1192","X8.74",8,0.7,1,0.85,75
"1193","X9.74",9,0.6,1,0.85,75
"1194","X10.74",10,0.5,0.6,0.85,75
"1195","X11.74",11,0.8,0.9,0.85,75
"1196","X12.74",12,0.8,1,0.85,75
"1197","X13.74",13,0.25,0.4,0.85,75
"1198","X14.74",14,0.9,1,0.85,75
"1199","X15.74",15,0.8,0.9,0.85,75
"1200","X16.74",16,0.5,1,0.85,75
"1201","X1.75",1,0.9,1,0.8,76
"1202","X2.75",2,0.8,1,0.8,76
"1203","X3.75",3,0.45,0.6,0.8,76
"1204","X4.75",4,0.35,1,0.8,76
"1205","X5.75",5,0.77,0.94,0.8,76
"1206","X6.75",6,0.36,1,0.8,76
"1207","X7.75",7,0.85,1,0.8,76
"1208","X8.75",8,0.48,0.55,0.8,76
"1209","X9.75",9,0.65,0.93,0.8,76
"1210","X10.75",10,0.55,0.65,0.8,76
"1211","X11.75",11,0.35,0.45,0.8,76
"1212","X12.75",12,0.41,0.64,0.8,76
"1213","X13.75",13,0.65,0.84,0.8,76
"1214","X14.75",14,0.94,1,0.8,76
"1215","X15.75",15,0.74,0.95,0.8,76
"1216","X16.75",16,0.22,0.4,0.8,76
"1217","X1.76",1,0.6,0.6,0.75,77
"1218","X2.76",2,0.25,0.25,0.75,77
"1219","X3.76",3,0.3,0.45,0.75,77
"1220","X4.76",4,0.25,0.25,0.75,77
"1221","X5.76",5,0.55,0.7,0.75,77
"1222","X6.76",6,0.25,0.4,0.75,77
"1223","X7.76",7,0.7,0.83,0.75,77
"1224","X8.76",8,0.75,0.85,0.75,77
"1225","X9.76",9,0.65,0.7,0.75,77
"1226","X10.76",10,0.7,0.8,0.75,77
"1227","X11.76",11,0.3,0.35,0.75,77
"1228","X12.76",12,0.4,0.5,0.75,77
"1229","X13.76",13,0.45,0.5,0.75,77
"1230","X14.76",14,0.7,1,0.75,77
"1231","X15.76",15,0.7,1,0.75,77
"1232","X16.76",16,0.8,1,0.75,77
"1249","X1.78",1,0,0,0.7,78
"1250","X2.78",2,1,1,0.7,78
"1251","X3.78",3,0.6,0.8,0.7,78
"1252","X4.78",4,0.25,0.25,0.7,78
"1253","X5.78",5,0.5,1,0.7,78
"1254","X6.78",6,0.5,1,0.7,78
"1255","X7.78",7,0.25,0.25,0.7,78
"1256","X8.78",8,0.9,1,0.7,78
"1257","X9.78",9,0.4,0.9,0.7,78
"1258","X10.78",10,0.15,0.15,0.7,78
"1259","X11.78",11,0.5,0.5,0.7,78
"1260","X12.78",12,1,1,0.7,78
"1261","X13.78",13,1,1,0.7,78
"1262","X14.78",14,1,1,0.7,78
"1263","X15.78",15,1,1,0.7,78
"1264","X16.78",16,1,1,0.7,78
"1265","X1.79",1,0.4,0.6,0.65,79
"1266","X2.79",2,0.1,0.1,0.65,79
"1267","X3.79",3,0.5,0.6,0.65,79
"1268","X4.79",4,0.7,0.6,0.65,79
"1269","X5.79",5,0.6,0.7,0.65,79
"1270","X6.79",6,0.4,0.5,0.65,79
"1271","X7.79",7,0.5,0.4,0.65,79
"1272","X8.79",8,0.6,0.5,0.65,79
"1273","X9.79",9,0.7,0.75,0.65,79
"1274","X10.79",10,0.75,0.6,0.65,79
"1275","X11.79",11,0.6,0.45,0.65,79
"1276","X12.79",12,0.7,0.6,0.65,79
"1277","X13.79",13,0.5,0.2,0.65,79
"1278","X14.79",14,0.2,0.1,0.65,79
"1279","X15.79",15,0.6,0.7,0.65,79
"1280","X16.79",16,0.6,0.7,0.65,79
"1281","X1.80",1,0.9,1,0.95,80
"1282","X2.80",2,0,0,0.95,80
"1283","X3.80",3,0.5,0.5,0.95,80
"1284","X4.80",4,0.7,0.9,0.95,80
"1285","X5.80",5,0.6,0.35,0.95,80
"1286","X6.80",6,0.4,0.25,0.95,80
"1287","X7.80",7,0.5,0.9,0.95,80
"1288","X8.80",8,0.9,1,0.95,80
"1289","X9.80",9,1,1,0.95,80
"1290","X10.80",10,0.4,0.4,0.95,80
"1291","X11.80",11,0.5,0.5,0.95,80
"1292","X12.80",12,1,1,0.95,80
"1293","X13.80",13,0.9,1,0.95,80
"1294","X14.80",14,1,1,0.95,80
"1295","X15.80",15,1,1,0.95,80
"1296","X16.80",16,0.5,0.9,0.95,80
"1297","X1.81",1,0.95,0.7,0.25,81
"1298","X2.81",2,0.3,0.25,0.25,81
"1299","X3.81",3,0.4,0.25,0.25,81
"1300","X4.81",4,0.25,0.8,0.25,81
"1301","X5.81",5,0.25,1,0.25,81
"1302","X6.81",6,0.45,0.25,0.25,81
"1303","X7.81",7,0.3,0.25,0.25,81
"1304","X8.81",8,0.45,0.75,0.25,81
"1305","X9.81",9,0.25,0.25,0.25,81
"1306","X10.81",10,0.4,0.25,0.25,81
"1307","X11.81",11,0.1,0.25,0.25,81
"1308","X12.81",12,0.25,0.25,0.25,81
"1309","X13.81",13,0.85,0.9,0.25,81
"1310","X14.81",14,0.25,1,0.25,81
"1311","X15.81",15,0.4,0.9,0.25,81
"1312","X16.81",16,0.75,1,0.25,81
"1313","X1.82",1,0.2,0.4,0.6,82
"1314","X2.82",2,0.4,0.7,0.6,82
"1315","X3.82",3,0.7,0.8,0.6,82
"1316","X4.82",4,0.4,0.7,0.6,82
"1317","X5.82",5,0.6,0.7,0.6,82
"1318","X6.82",6,0.7,0.8,0.6,82
"1319","X7.82",7,0.8,0.9,0.6,82
"1320","X8.82",8,0.5,0.6,0.6,82
"1321","X9.82",9,0.7,0.5,0.6,82
"1322","X10.82",10,0.6,0.7,0.6,82
"1323","X11.82",11,0.3,0.6,0.6,82
"1324","X12.82",12,0.4,0.6,0.6,82
"1325","X13.82",13,0.9,0.8,0.6,82
"1326","X14.82",14,0.8,1,0.6,82
"1327","X15.82",15,0.7,0.6,0.6,82
"1328","X16.82",16,0.6,0.5,0.6,82
"1329","X1.83",1,0.5,0.5,0.5,83
"1330","X2.83",2,0.5,0.5,0.5,83
"1331","X3.83",3,1,1,0.5,83
"1332","X4.83",4,1,1,0.5,83
"1333","X5.83",5,1,1,0.5,83
"1334","X6.83",6,0.25,0.5,0.5,83
"1335","X7.83",7,1,1,0.5,83
"1336","X8.83",8,1,1,0.5,83
"1337","X9.83",9,0.5,0.5,0.5,83
"1338","X10.83",10,0.5,0.5,0.5,83
"1339","X11.83",11,0.5,0.5,0.5,83
"1340","X12.83",12,1,1,0.5,83
"1341","X13.83",13,0.25,0.25,0.5,83
"1342","X14.83",14,1,1,0.5,83
"1343","X15.83",15,1,1,0.5,83
"1344","X16.83",16,1,1,0.5,83
"1345","X1.84",1,0.25,0.25,0.25,84
"1346","X2.84",2,0.25,0.25,0.25,84
"1347","X3.84",3,0.25,0.25,0.25,84
"1348","X4.84",4,0.35,0.25,0.25,84
"1349","X5.84",5,0.5,0.25,0.25,84
"1350","X6.84",6,1,1,0.25,84
"1351","X7.84",7,0.9,0.9,0.25,84
"1352","X8.84",8,0.25,0.25,0.25,84
"1353","X9.84",9,0.5,0.5,0.25,84
"1354","X10.84",10,0.25,0.25,0.25,84
"1355","X11.84",11,0.25,0.25,0.25,84
"1356","X12.84",12,0.25,0.25,0.25,84
"1357","X13.84",13,0.25,0.25,0.25,84
"1358","X14.84",14,0.25,0.25,0.25,84
"1359","X15.84",15,0.59,0.5,0.25,84
"1360","X16.84",16,0.25,0.25,0.25,84
"1361","X1.85",1,0.5,0.5,0.25,85
"1362","X2.85",2,0.75,1,0.25,85
"1363","X3.85",3,0.4,0.5,0.25,85
"1364","X4.85",4,0.25,0.5,0.25,85
"1365","X5.85",5,0.25,1,0.25,85
"1366","X6.85",6,0.25,0.25,0.25,85
"1367","X7.85",7,0.25,0.25,0.25,85
"1368","X8.85",8,0.35,0.5,0.25,85
"1369","X9.85",9,0.25,0.5,0.25,85
"1370","X10.85",10,0.3,0.25,0.25,85
"1371","X11.85",11,0.25,0.35,0.25,85
"1372","X12.85",12,0.5,0.5,0.25,85
"1373","X13.85",13,0.25,0.25,0.25,85
"1374","X14.85",14,0.5,1,0.25,85
"1375","X15.85",15,1,0.25,0.25,85
"1376","X16.85",16,1,1,0.25,85
"1377","X1.86",1,0.85,0.9,0.9,86
"1378","X2.86",2,0.94,0.94,0.9,86
"1379","X3.86",3,0.94,0.93,0.9,86
"1380","X4.86",4,0.85,0.94,0.9,86
"1381","X5.86",5,0.9,0.97,0.9,86
"1382","X6.86",6,0.6,0.7,0.9,86
"1383","X7.86",7,0.7,0.8,0.9,86
"1384","X8.86",8,0.83,0.9,0.9,86
"1385","X9.86",9,0.5,0.7,0.9,86
"1386","X10.86",10,0.7,0.8,0.9,86
"1387","X11.86",11,0.3,0.5,0.9,86
"1388","X12.86",12,0.7,0.8,0.9,86
"1389","X13.86",13,0.3,0.5,0.9,86
"1390","X14.86",14,0.8,0.98,0.9,86
"1391","X15.86",15,0.8,0.9,0.9,86
"1392","X16.86",16,0.8,0.9,0.9,86
"1393","X1.87",1,0.5,0.6,0.75,87
"1394","X2.87",2,0.4,0.5,0.75,87
"1395","X3.87",3,0.1,0.5,0.75,87
"1396","X4.87",4,0,0,0.75,87
"1397","X5.87",5,0.6,0.6,0.75,87
"1398","X6.87",6,0.55,0.5,0.75,87
"1399","X7.87",7,0.5,0.6,0.75,87
"1400","X8.87",8,0.5,0.6,0.75,87
"1401","X9.87",9,0.4,0.5,0.75,87
"1402","X10.87",10,0.4,0.5,0.75,87
"1403","X11.87",11,0.4,0.3,0.75,87
"1404","X12.87",12,0.45,0.45,0.75,87
"1405","X13.87",13,0.25,0.4,0.75,87
"1406","X14.87",14,0.75,1,0.75,87
"1407","X15.87",15,0.6,1,0.75,87
"1408","X16.87",16,0.25,0.4,0.75,87
"1409","X1.88",1,0.25,1,0.8,88
"1410","X2.88",2,0.25,1,0.8,88
"1411","X3.88",3,0.25,1,0.8,88
"1412","X4.88",4,0.5,1,0.8,88
"1413","X5.88",5,0.5,1,0.8,88
"1414","X6.88",6,0.5,1,0.8,88
"1415","X7.88",7,0.75,1,0.8,88
"1416","X8.88",8,0.6,1,0.8,88
"1417","X9.88",9,0.33,0.5,0.8,88
"1418","X10.88",10,0.5,1,0.8,88
"1419","X11.88",11,0.2,0.5,0.8,88
"1420","X12.88",12,0.75,1,0.8,88
"1421","X13.88",13,0.5,1,0.8,88
"1422","X14.88",14,1,1,0.8,88
"1423","X15.88",15,0.5,1,0.8,88
"1424","X16.88",16,0.75,1,0.8,88
"1425","X1.89",1,0.85,1,0.9,89
"1426","X2.89",2,0.8,1,0.9,89
"1427","X3.89",3,0.7,1,0.9,89
"1428","X4.89",4,0.75,0.9,0.9,89
"1429","X5.89",5,0.6,1,0.9,89
"1430","X6.89",6,0.5,0.7,0.9,89
"1431","X7.89",7,0.7,1,0.9,89
"1432","X8.89",8,0.5,1,0.9,89
"1433","X9.89",9,0.5,0.6,0.9,89
"1434","X10.89",10,0.5,0.8,0.9,89
"1435","X11.89",11,0.3,0.9,0.9,89
"1436","X12.89",12,0.7,0.8,0.9,89
"1437","X13.89",13,0.91,1,0.9,89
"1438","X14.89",14,0.97,1,0.9,89
"1439","X15.89",15,0.95,1,0.9,89
"1440","X16.89",16,0.65,1,0.9,89
"1441","X1.90",1,0.8,0.6,0.5,90
"1442","X2.90",2,0,0,0.5,90
"1443","X3.90",3,0.9,0.8,0.5,90
"1444","X4.90",4,1,1,0.5,90
"1445","X5.90",5,0.6,0.8,0.5,90
"1446","X6.90",6,0.5,0.7,0.5,90
"1447","X7.90",7,0.3,0.4,0.5,90
"1448","X8.90",8,0.9,0.8,0.5,90
"1449","X9.90",9,0.9,0.6,0.5,90
"1450","X10.90",10,0.7,0.6,0.5,90
"1451","X11.90",11,0,0.5,0.5,90
"1452","X12.90",12,0.5,0.6,0.5,90
"1453","X13.90",13,0.4,0.6,0.5,90
"1454","X14.90",14,1,1,0.5,90
"1455","X15.90",15,0.4,0.4,0.5,90
"1456","X16.90",16,1,0.9,0.5,90
"1457","X1.91",1,0.75,0.75,0.75,91
"1458","X2.91",2,0.75,0.75,0.75,91
"1459","X3.91",3,0.9,1,0.75,91
"1460","X4.91",4,1,1,0.75,91
"1461","X5.91",5,0.75,1,0.75,91
"1462","X6.91",6,0.5,0.5,0.75,91
"1463","X7.91",7,0.25,0.75,0.75,91
"1464","X8.91",8,0.75,0.75,0.75,91
"1465","X9.91",9,0.5,0.5,0.75,91
"1466","X10.91",10,0.75,1,0.75,91
"1467","X11.91",11,0.25,0.5,0.75,91
"1468","X12.91",12,0.5,0.75,0.75,91
"1469","X13.91",13,0.25,0.5,0.75,91
"1470","X14.91",14,1,1,0.75,91
"1471","X15.91",15,0.5,0.5,0.75,91
"1472","X16.91",16,0.75,0.75,0.75,91
"1473","X1.92",1,0.8,1,0.85,92
"1474","X2.92",2,0.6,1,0.85,92
"1475","X3.92",3,0.7,1,0.85,92
"1476","X4.92",4,0.45,1,0.85,92
"1477","X5.92",5,0.45,1,0.85,92
"1478","X6.92",6,0.4,0.8,0.85,92
"1479","X7.92",7,0.3,0.6,0.85,92
"1480","X8.92",8,0.55,1,0.85,92
"1481","X9.92",9,0.4,1,0.85,92
"1482","X10.92",10,0.3,0.5,0.85,92
"1483","X11.92",11,0.7,0.9,0.85,92
"1484","X12.92",12,0.55,0.8,0.85,92
"1485","X13.92",13,0.25,0.4,0.85,92
"1486","X14.92",14,0.8,1,0.85,92
"1487","X15.92",15,0.7,0.8,0.85,92
"1488","X16.92",16,0.25,0.7,0.85,92
"1489","X1.93",1,0.25,0.6,0.8,93
"1490","X2.93",2,0.7,1,0.8,93
"1491","X3.93",3,0.9,1,0.8,93
"1492","X4.93",4,0.38,0.5,0.8,93
"1493","X5.93",5,0.8,1,0.8,93
"1494","X6.93",6,0.35,0.6,0.8,93
"1495","X7.93",7,0.3,0.4,0.8,93
"1496","X8.93",8,0.75,1,0.8,93
"1497","X9.93",9,0.5,1,0.8,93
"1498","X10.93",10,0.45,1,0.8,93
"1499","X11.93",11,0.3,1,0.8,93
"1500","X12.93",12,0.3,0.6,0.8,93
"1501","X13.93",13,0.9,1,0.8,93
"1502","X14.93",14,0.9,1,0.8,93
"1503","X15.93",15,0.9,1,0.8,93
"1504","X16.93",16,0.3,1,0.8,93
"1505","X1.94",1,0.3,0.4,0.5,94
"1506","X2.94",2,0.75,0.85,0.5,94
"1507","X3.94",3,0.25,0.45,0.5,94
"1508","X4.94",4,0.25,0.25,0.5,94
"1509","X5.94",5,0.35,0.35,0.5,94
"1510","X6.94",6,0.25,0.25,0.5,94
"1511","X7.94",7,0.3,0.3,0.5,94
"1512","X8.94",8,0.5,0.45,0.5,94
"1513","X9.94",9,0.4,0.45,0.5,94
"1514","X10.94",10,0.25,0.25,0.5,94
"1515","X11.94",11,0.2,0.4,0.5,94
"1516","X12.94",12,0.5,0.5,0.5,94
"1517","X13.94",13,0.25,0.25,0.5,94
"1518","X14.94",14,0.9,1,0.5,94
"1519","X15.94",15,0.8,0.75,0.5,94
"1520","X16.94",16,0.75,0.8,0.5,94
"1521","X1.95",1,0.6,1,0.9,95
"1522","X2.95",2,0.75,1,0.9,95
"1523","X3.95",3,0.6,1,0.9,95
"1524","X4.95",4,0.65,1,0.9,95
"1525","X5.95",5,0.5,0.95,0.9,95
"1526","X6.95",6,0.6,0.75,0.9,95
"1527","X7.95",7,0.9,1,0.9,95
"1528","X8.95",8,0.6,1,0.9,95
"1529","X9.95",9,0.3,0.95,0.9,95
"1530","X10.95",10,0.75,1,0.9,95
"1531","X11.95",11,0.5,1,0.9,95
"1532","X12.95",12,0.5,0.8,0.9,95
"1533","X13.95",13,1,1,0.9,95
"1534","X14.95",14,0.95,1,0.9,95
"1535","X15.95",15,0.7,1,0.9,95
"1536","X16.95",16,0.5,1,0.9,95
"1537","X1.96",1,0.75,0.5,0.5,96
"1538","X2.96",2,0.75,1,0.5,96
"1539","X3.96",3,1,1,0.5,96
"1540","X4.96",4,0.5,0.75,0.5,96
"1541","X5.96",5,0.25,0.5,0.5,96
"1542","X6.96",6,0.5,0.75,0.5,96
"1543","X7.96",7,0.5,1,0.5,96
"1544","X8.96",8,0.75,1,0.5,96
"1545","X9.96",9,0.5,0.75,0.5,96
"1546","X10.96",10,0.25,0.5,0.5,96
"1547","X11.96",11,0.25,0.5,0.5,96
"1548","X12.96",12,0.5,0.75,0.5,96
"1549","X13.96",13,1,1,0.5,96
"1550","X14.96",14,0.75,1,0.5,96
"1551","X15.96",15,0.25,1,0.5,96
"1552","X16.96",16,0.5,0.5,0.5,96
"1553","X1.97",1,0.5,0.6,0.5,97
"1554","X2.97",2,0.5,0.7,0.5,97
"1555","X3.97",3,0.5,0.6,0.5,97
"1556","X4.97",4,0.6,0.7,0.5,97
"1557","X5.97",5,0.7,0.75,0.5,97
"1558","X6.97",6,0.5,0.6,0.5,97
"1559","X7.97",7,0.5,0.5,0.5,97
"1560","X8.97",8,0.6,1,0.5,97
"1561","X9.97",9,0.7,1,0.5,97
"1562","X10.97",10,0.75,0.9,0.5,97
"1563","X11.97",11,0.5,0.6,0.5,97
"1564","X12.97",12,0.2,0.6,0.5,97
"1565","X13.97",13,0.6,0.6,0.5,97
"1566","X14.97",14,0.6,1,0.5,97
"1567","X15.97",15,0.6,0.7,0.5,97
"1568","X16.97",16,0.7,1,0.5,97
"1569","X1.98",1,0.25,0.75,0.25,98
"1570","X2.98",2,0.5,1,0.25,98
"1571","X3.98",3,1,1,0.25,98
"1572","X4.98",4,1,1,0.25,98
"1573","X5.98",5,1,1,0.25,98
"1574","X6.98",6,1,1,0.25,98
"1575","X7.98",7,0.25,0.5,0.25,98
"1576","X8.98",8,1,1,0.25,98
"1577","X9.98",9,1,1,0.25,98
"1578","X10.98",10,0.5,0.5,0.25,98
"1579","X11.98",11,1,1,0.25,98
"1580","X12.98",12,1,1,0.25,98
"1581","X13.98",13,1,1,0.25,98
"1582","X14.98",14,0.5,0.5,0.25,98
"1583","X15.98",15,1,0.25,0.25,98
"1584","X16.98",16,1,1,0.25,98
"1585","X1.99",1,1,1,0.65,99
"1586","X2.99",2,1,1,0.65,99
"1587","X3.99",3,1,1,0.65,99
"1588","X4.99",4,0.4,0.7,0.65,99
"1589","X5.99",5,1,1,0.65,99
"1590","X6.99",6,0.35,0.6,0.65,99
"1591","X7.99",7,0.33,0.7,0.65,99
"1592","X8.99",8,1,1,0.65,99
"1593","X9.99",9,0.9,1,0.65,99
"1594","X10.99",10,1,1,0.65,99
"1595","X11.99",11,0.25,0.34,0.65,99
"1596","X12.99",12,1,1,0.65,99
"1597","X13.99",13,1,1,0.65,99
"1598","X14.99",14,1,1,0.65,99
"1599","X15.99",15,1,1,0.65,99
"1600","X16.99",16,0.25,0.5,0.65,99
"1601","X1.100",1,0.65,0.5,0.8,100
"1602","X2.100",2,1,0.8,0.8,100
"1603","X3.100",3,0.8,0.6,0.8,100
"1604","X4.100",4,0.6,0.5,0.8,100
"1605","X5.100",5,1,1,0.8,100
"1606","X6.100",6,0.8,1,0.8,100
"1607","X7.100",7,0.6,0.75,0.8,100
"1608","X8.100",8,1,1,0.8,100
"1609","X9.100",9,1,1,0.8,100
"1610","X10.100",10,0.8,0.8,0.8,100
"1611","X11.100",11,1,1,0.8,100
"1612","X12.100",12,0.75,0.8,0.8,100
"1613","X13.100",13,1,1,0.8,100
"1614","X14.100",14,1,1,0.8,100
"1615","X15.100",15,1,1,0.8,100
"1616","X16.100",16,0.5,0.5,0.8,100
"1617","X1.101",1,0.8,0.3,0.25,101
"1618","X2.101",2,0.3,0.3,0.25,101
"1619","X3.101",3,0.3,0.3,0.25,101
"1620","X4.101",4,0.25,0.25,0.25,101
"1621","X5.101",5,0.05,0.05,0.25,101
"1622","X6.101",6,0.8,0.8,0.25,101
"1623","X7.101",7,0.8,0.8,0.25,101
"1624","X8.101",8,0.05,0.05,0.25,101
"1625","X9.101",9,0.8,0.8,0.25,101
"1626","X10.101",10,0.8,0.8,0.25,101
"1627","X11.101",11,0.5,0.5,0.25,101
"1628","X12.101",12,0.8,0.8,0.25,101
"1629","X13.101",13,0.7,0.7,0.25,101
"1630","X14.101",14,0.85,0.85,0.25,101
"1631","X15.101",15,0.75,0.75,0.25,101
"1632","X16.101",16,0.8,0.8,0.25,101
"1633","X1.102",1,0.7,0.9,0.5,102
"1634","X2.102",2,0.4,0.7,0.5,102
"1635","X3.102",3,0.25,0.25,0.5,102
"1636","X4.102",4,0.25,0.25,0.5,102
"1637","X5.102",5,0.25,0.25,0.5,102
"1638","X6.102",6,0.25,0.01,0.5,102
"1639","X7.102",7,0.25,0.25,0.5,102
"1640","X8.102",8,0.25,0.25,0.5,102
"1641","X9.102",9,0.25,0.25,0.5,102
"1642","X10.102",10,0.25,0.25,0.5,102
"1643","X11.102",11,0.25,0.25,0.5,102
"1644","X12.102",12,0.25,0.25,0.5,102
"1645","X13.102",13,0.25,0.25,0.5,102
"1646","X14.102",14,0.25,0.25,0.5,102
"1647","X15.102",15,0.25,0.25,0.5,102
"1648","X16.102",16,0.25,0.25,0.5,102
"1649","X1.103",1,0.8,1,0.9,103
"1650","X2.103",2,0.3,0.4,0.9,103
"1651","X3.103",3,0.6,1,0.9,103
"1652","X4.103",4,0.6,1,0.9,103
"1653","X5.103",5,0.7,1,0.9,103
"1654","X6.103",6,0.25,1,0.9,103
"1655","X7.103",7,0.35,0.5,0.9,103
"1656","X8.103",8,0.3,1,0.9,103
"1657","X9.103",9,0.6,1,0.9,103
"1658","X10.103",10,0.3,0.5,0.9,103
"1659","X11.103",11,0.4,0.7,0.9,103
"1660","X12.103",12,0.5,1,0.9,103
"1661","X13.103",13,1,1,0.9,103
"1662","X14.103",14,0.8,1,0.9,103
"1663","X15.103",15,0.8,1,0.9,103
"1664","X16.103",16,0.4,0.7,0.9,103
"1665","X1.104",1,0.4,0.7,0.6,104
"1666","X2.104",2,0.4,0.3,0.6,104
"1667","X3.104",3,0.4,0.5,0.6,104
"1668","X4.104",4,0.25,0.25,0.6,104
"1669","X5.104",5,0.55,0.55,0.6,104
"1670","X6.104",6,0.4,0.4,0.6,104
"1671","X7.104",7,0.5,0.4,0.6,104
"1672","X8.104",8,0.8,0.8,0.6,104
"1673","X9.104",9,0.6,0.6,0.6,104
"1674","X10.104",10,0.4,0.4,0.6,104
"1675","X11.104",11,0.5,0.5,0.6,104
"1676","X12.104",12,0.4,0.4,0.6,104
"1677","X13.104",13,0.7,0.7,0.6,104
"1678","X14.104",14,0.5,0.5,0.6,104
"1679","X15.104",15,0.45,0.45,0.6,104
"1680","X16.104",16,0.7,0.7,0.6,104
"1681","X1.105",1,0.5,0.5,0.5,105
"1682","X2.105",2,0.5,0.5,0.5,105
"1683","X3.105",3,0.5,0.5,0.5,105
"1684","X4.105",4,0.5,1,0.5,105
"1685","X5.105",5,1,1,0.5,105
"1686","X6.105",6,0.5,0.5,0.5,105
"1687","X7.105",7,0.5,1,0.5,105
"1688","X8.105",8,0.25,0.5,0.5,105
"1689","X9.105",9,1,1,0.5,105
"1690","X10.105",10,0.25,0,0.5,105
"1691","X11.105",11,0.5,0.5,0.5,105
"1692","X12.105",12,0.5,0.5,0.5,105
"1693","X13.105",13,0.5,0.5,0.5,105
"1694","X14.105",14,0.5,0.5,0.5,105
"1695","X15.105",15,1,1,0.5,105
"1696","X16.105",16,1,1,0.5,105
"1697","X1.106",1,0.6,0.5,0.5,106
"1698","X2.106",2,0.3,0.7,0.5,106
"1699","X3.106",3,0.3,0.4,0.5,106
"1700","X4.106",4,0.3,0.4,0.5,106
"1701","X5.106",5,0.4,0.4,0.5,106
"1702","X6.106",6,0.2,0.9,0.5,106
"1703","X7.106",7,0.25,0.25,0.5,106
"1704","X8.106",8,0.5,0.4,0.5,106
"1705","X9.106",9,0.4,0.35,0.5,106
"1706","X10.106",10,0.2,0.4,0.5,106
"1707","X11.106",11,0.2,0.3,0.5,106
"1708","X12.106",12,0.2,0.6,0.5,106
"1709","X13.106",13,0.25,0.25,0.5,106
"1710","X14.106",14,0.4,0.7,0.5,106
"1711","X15.106",15,0.4,0.45,0.5,106
"1712","X16.106",16,0.3,0.3,0.5,106
"1713","X1.107",1,0.3,0.5,0.4,107
"1714","X2.107",2,0.45,0.5,0.4,107
"1715","X3.107",3,0.5,0.55,0.4,107
"1716","X4.107",4,0.35,0.35,0.4,107
"1717","X5.107",5,0.5,0.6,0.4,107
"1718","X6.107",6,0.3,0.4,0.4,107
"1719","X7.107",7,0.45,0.25,0.4,107
"1720","X8.107",8,0.05,0.7,0.4,107
"1721","X9.107",9,0.35,0.35,0.4,107
"1722","X10.107",10,0.5,0.5,0.4,107
"1723","X11.107",11,0.45,0.5,0.4,107
"1724","X12.107",12,0.55,0.6,0.4,107
"1725","X13.107",13,0.5,0.6,0.4,107
"1726","X14.107",14,0.4,0.25,0.4,107
"1727","X15.107",15,0.5,0.6,0.4,107
"1728","X16.107",16,0.6,0.7,0.4,107
"1729","X1.108",1,0.4,0.8,0.75,108
"1730","X2.108",2,0.6,0.9,0.75,108
"1731","X3.108",3,0.35,0.4,0.75,108
"1732","X4.108",4,0.35,0.5,0.75,108
"1733","X5.108",5,0.6,0.8,0.75,108
"1734","X6.108",6,0.25,0.75,0.75,108
"1735","X7.108",7,0.6,0.9,0.75,108
"1736","X8.108",8,0.3,0.8,0.75,108
"1737","X9.108",9,0.4,0.4,0.75,108
"1738","X10.108",10,0.4,0.6,0.75,108
"1739","X11.108",11,0.2,0.6,0.75,108
"1740","X12.108",12,0.3,0.65,0.75,108
"1741","X13.108",13,0.5,0.85,0.75,108
"1742","X14.108",14,0.6,1,0.75,108
"1743","X15.108",15,0.5,0.8,0.75,108
"1744","X16.108",16,0.4,0.5,0.75,108
"1745","X1.109",1,0.4,0.6,0.5,109
"1746","X2.109",2,0.65,0.75,0.5,109
"1747","X3.109",3,0.43,0.7,0.5,109
"1748","X4.109",4,0.45,0.55,0.5,109
"1749","X5.109",5,0.3,0.6,0.5,109
"1750","X6.109",6,0.4,0.7,0.5,109
"1751","X7.109",7,0.4,0.7,0.5,109
"1752","X8.109",8,0.45,0.8,0.5,109
"1753","X9.109",9,0.45,0.75,0.5,109
"1754","X10.109",10,0.4,0.75,0.5,109
"1755","X11.109",11,0.5,0.85,0.5,109
"1756","X12.109",12,0.5,0.7,0.5,109
"1757","X13.109",13,0.85,0.99,0.5,109
"1758","X14.109",14,0.85,1,0.5,109
"1759","X15.109",15,0.85,1,0.5,109
"1760","X16.109",16,0.5,0.5,0.5,109
"1761","X1.110",1,0.6,1,0.8,110
"1762","X2.110",2,0.4,0.4,0.8,110
"1763","X3.110",3,0.3,0.6,0.8,110
"1764","X4.110",4,0.75,1,0.8,110
"1765","X5.110",5,0.5,0.4,0.8,110
"1766","X6.110",6,0.6,1,0.8,110
"1767","X7.110",7,0.5,0.8,0.8,110
"1768","X8.110",8,0.6,1,0.8,110
"1769","X9.110",9,0.6,0.6,0.8,110
"1770","X10.110",10,0.6,0.8,0.8,110
"1771","X11.110",11,0.25,0.7,0.8,110
"1772","X12.110",12,0.5,0.6,0.8,110
"1773","X13.110",13,0.7,1,0.8,110
"1774","X14.110",14,0.7,1,0.8,110
"1775","X15.110",15,0.7,1,0.8,110
"1776","X16.110",16,0.25,0.3,0.8,110
"1777","X1.111",1,0.65,1,0.9,111
"1778","X2.111",2,0.4,1,0.9,111
"1779","X3.111",3,0.75,1,0.9,111
"1780","X4.111",4,0.45,1,0.9,111
"1781","X5.111",5,0.4,1,0.9,111
"1782","X6.111",6,0.25,1,0.9,111
"1783","X7.111",7,0.5,1,0.9,111
"1784","X8.111",8,0.4,1,0.9,111
"1785","X9.111",9,0.55,1,0.9,111
"1786","X10.111",10,0.25,1,0.9,111
"1787","X11.111",11,0.2,1,0.9,111
"1788","X12.111",12,0.8,1,0.9,111
"1789","X13.111",13,0.5,1,0.9,111
"1790","X14.111",14,0.85,1,0.9,111
"1791","X15.111",15,0.7,0.9,0.9,111
"1792","X16.111",16,0.4,1,0.9,111
"1793","X1.112",1,0.3,1,0.95,112
"1794","X2.112",2,0.65,1,0.95,112
"1795","X3.112",3,0.6,1,0.95,112
"1796","X4.112",4,0.3,0.5,0.95,112
"1797","X5.112",5,0.88,1,0.95,112
"1798","X6.112",6,0.3,1,0.95,112
"1799","X7.112",7,0.8,1,0.95,112
"1800","X8.112",8,0.4,1,0.95,112
"1801","X9.112",9,0.4,1,0.95,112
"1802","X10.112",10,0.3,1,0.95,112
"1803","X11.112",11,0.2,0.75,0.95,112
"1804","X12.112",12,0.35,0.65,0.95,112
"1805","X13.112",13,1,1,0.95,112
"1806","X14.112",14,1,1,0.95,112
"1807","X15.112",15,0.9,1,0.95,112
"1808","X16.112",16,0.5,1,0.95,112
"1809","X1.113",1,0.25,0.25,0.1,113
"1810","X2.113",2,0.5,1,0.1,113
"1811","X3.113",3,0.3,0.45,0.1,113
"1812","X4.113",4,0.3,0.5,0.1,113
"1813","X5.113",5,0.5,0.7,0.1,113
"1814","X6.113",6,0.35,0.25,0.1,113
"1815","X7.113",7,0.25,0.25,0.1,113
"1816","X8.113",8,0.25,0.25,0.1,113
"1817","X9.113",9,0.3,0.5,0.1,113
"1818","X10.113",10,0.4,0.25,0.1,113
"1819","X11.113",11,0.5,0.3,0.1,113
"1820","X12.113",12,0.3,0.45,0.1,113
"1821","X13.113",13,0.25,0.25,0.1,113
"1822","X14.113",14,0.3,0.25,0.1,113
"1823","X15.113",15,0.6,0.7,0.1,113
"1824","X16.113",16,0.5,0.6,0.1,113
"1825","X1.114",1,0.7,1,0.1,114
"1826","X2.114",2,1,1,0.1,114
"1827","X3.114",3,1,1,0.1,114
"1828","X4.114",4,0.1,1,0.1,114
"1829","X5.114",5,0,0.5,0.1,114
"1830","X6.114",6,1,1,0.1,114
"1831","X7.114",7,1,1,0.1,114
"1832","X8.114",8,1,1,0.1,114
"1833","X9.114",9,1,1,0.1,114
"1834","X10.114",10,1,1,0.1,114
"1835","X11.114",11,1,1,0.1,114
"1836","X12.114",12,1,1,0.1,114
"1837","X13.114",13,1,1,0.1,114
"1838","X14.114",14,1,1,0.1,114
"1839","X15.114",15,1,1,0.1,114
"1840","X16.114",16,1,1,0.1,114
"1841","X1.115",1,0.9,0.85,0.85,115
"1842","X2.115",2,0.9,0.8,0.85,115
"1843","X3.115",3,0.9,0.8,0.85,115
"1844","X4.115",4,0.1,0.8,0.85,115
"1845","X5.115",5,1,1,0.85,115
"1846","X6.115",6,0.9,0.7,0.85,115
"1847","X7.115",7,0.8,0.8,0.85,115
"1848","X8.115",8,0.9,0.9,0.85,115
"1849","X9.115",9,0.85,0.9,0.85,115
"1850","X10.115",10,0.8,0.85,0.85,115
"1851","X11.115",11,0.8,0.9,0.85,115
"1852","X12.115",12,0.95,0.9,0.85,115
"1853","X13.115",13,1,1,0.85,115
"1854","X14.115",14,1,1,0.85,115
"1855","X15.115",15,0.9,1,0.85,115
"1856","X16.115",16,0.8,0.85,0.85,115
"1857","X1.116",1,0.45,0.75,0.33,116
"1858","X2.116",2,0.45,0.5,0.33,116
"1859","X3.116",3,0.5,0.55,0.33,116
"1860","X4.116",4,0.4,0.25,0.33,116
"1861","X5.116",5,0.33,0.33,0.33,116
"1862","X6.116",6,0.8,0.9,0.33,116
"1863","X7.116",7,0.25,0.4,0.33,116
"1864","X8.116",8,0.15,0.25,0.33,116
"1865","X9.116",9,0.3,0.34,0.33,116
"1866","X10.116",10,0.3,0.3,0.33,116
"1867","X11.116",11,0.5,0.7,0.33,116
"1868","X12.116",12,0.4,0.75,0.33,116
"1869","X13.116",13,0.25,0.7,0.33,116
"1870","X14.116",14,0.75,1,0.33,116
"1871","X15.116",15,0.3,0.33,0.33,116
"1872","X16.116",16,0.35,0.35,0.33,116
"1873","X1.117",1,0.9,1,0.9,117
"1874","X2.117",2,0.5,1,0.9,117
"1875","X3.117",3,0.7,1,0.9,117
"1876","X4.117",4,0.5,1,0.9,117
"1877","X5.117",5,1,1,0.9,117
"1878","X6.117",6,0.3,1,0.9,117
"1879","X7.117",7,0.3,1,0.9,117
"1880","X8.117",8,0.5,1,0.9,117
"1881","X9.117",9,0.2,1,0.9,117
"1882","X10.117",10,0.7,0.7,0.9,117
"1883","X11.117",11,0.4,0.5,0.9,117
"1884","X12.117",12,0.5,0.5,0.9,117
"1885","X13.117",13,1,1,0.9,117
"1886","X14.117",14,1,1,0.9,117
"1887","X15.117",15,1,1,0.9,117
"1888","X16.117",16,0.5,1,0.9,117
"1889","X1.118",1,0.5,0.5,0.5,118
"1890","X2.118",2,0.25,0.25,0.5,118
"1891","X3.118",3,0.6,0.6,0.5,118
"1892","X4.118",4,0.7,0.8,0.5,118
"1893","X5.118",5,1,1,0.5,118
"1894","X6.118",6,1,0.9,0.5,118
"1895","X7.118",7,0,0,0.5,118
"1896","X8.118",8,1,1,0.5,118
"1897","X9.118",9,0,0,0.5,118
"1898","X10.118",10,1,1,0.5,118
"1899","X11.118",11,0.6,0.5,0.5,118
"1900","X12.118",12,1,1,0.5,118
"1901","X13.118",13,0.5,0.5,0.5,118
"1902","X14.118",14,1,1,0.5,118
"1903","X15.118",15,1,1,0.5,118
"1904","X16.118",16,1,1,0.5,118
"1905","X1.119",1,0.25,0.45,0.65,119
"1906","X2.119",2,0.4,0.5,0.65,119
"1907","X3.119",3,0.45,0.4,0.65,119
"1908","X4.119",4,0.25,0.3,0.65,119
"1909","X5.119",5,0.8,0.8,0.65,119
"1910","X6.119",6,0.25,0.25,0.65,119
"1911","X7.119",7,0.45,0.6,0.65,119
"1912","X8.119",8,0.25,0.35,0.65,119
"1913","X9.119",9,0.4,0.4,0.65,119
"1914","X10.119",10,0.55,0.55,0.65,119
"1915","X11.119",11,0.3,0.5,0.65,119
"1916","X12.119",12,0.25,0.25,0.65,119
"1917","X13.119",13,0.25,0.25,0.65,119
"1918","X14.119",14,0.45,0.45,0.65,119
"1919","X15.119",15,0.25,0.25,0.65,119
"1920","X16.119",16,0.25,0.25,0.65,119
"1921","X1.120",1,0.5,1,0.8,120
"1922","X2.120",2,0.3,0.5,0.8,120
"1923","X3.120",3,0.25,0.4,0.8,120
"1924","X4.120",4,0.7,1,0.8,120
"1925","X5.120",5,0.5,0.5,0.8,120
"1926","X6.120",6,0.5,0.5,0.8,120
"1927","X7.120",7,0.25,1,0.8,120
"1928","X8.120",8,0.7,1,0.8,120
"1929","X9.120",9,0.8,1,0.8,120
"1930","X10.120",10,0.5,1,0.8,120
"1931","X11.120",11,0.8,1,0.8,120
"1932","X12.120",12,0.25,0.25,0.8,120
"1933","X13.120",13,0.9,1,0.8,120
"1934","X14.120",14,1,1,0.8,120
"1935","X15.120",15,0.5,1,0.8,120
"1936","X16.120",16,1,1,0.8,120
"1953","X1.122",1,0.6,0.9,0.75,121
"1954","X2.122",2,1,1,0.75,121
"1955","X3.122",3,0.5,1,0.75,121
"1956","X4.122",4,0.5,0.4,0.75,121
"1957","X5.122",5,1,1,0.75,121
"1958","X6.122",6,0.4,0.5,0.75,121
"1959","X7.122",7,0.4,1,0.75,121
"1960","X8.122",8,1,1,0.75,121
"1961","X9.122",9,0.5,0.5,0.75,121
"1962","X10.122",10,0.25,0.7,0.75,121
"1963","X11.122",11,0.5,1,0.75,121
"1964","X12.122",12,1,1,0.75,121
"1965","X13.122",13,0.4,1,0.75,121
"1966","X14.122",14,1,1,0.75,121
"1967","X15.122",15,1,1,0.75,121
"1968","X16.122",16,1,1,0.75,121
"1969","X1.123",1,0.5,0.5,0.2,122
"1970","X2.123",2,1,1,0.2,122
"1971","X3.123",3,1,1,0.2,122
"1972","X4.123",4,1,1,0.2,122
"1973","X5.123",5,0.5,0.5,0.2,122
"1974","X6.123",6,1,1,0.2,122
"1975","X7.123",7,1,1,0.2,122
"1976","X8.123",8,1,0.5,0.2,122
"1977","X9.123",9,1,1,0.2,122
"1978","X10.123",10,1,1,0.2,122
"1979","X11.123",11,1,1,0.2,122
"1980","X12.123",12,1,1,0.2,122
"1981","X13.123",13,1,1,0.2,122
"1982","X14.123",14,1,1,0.2,122
"1983","X15.123",15,1,1,0.2,122
"1984","X16.123",16,1,1,0.2,122
"1985","X1.124",1,0.9,0.96,0.88,123
"1986","X2.124",2,0.96,0.97,0.88,123
"1987","X3.124",3,0.92,0.93,0.88,123
"1988","X4.124",4,0.93,1,0.88,123
"1989","X5.124",5,0.95,0.99,0.88,123
"1990","X6.124",6,0.6,0.98,0.88,123
"1991","X7.124",7,0.85,0.91,0.88,123
"1992","X8.124",8,0.9,1,0.88,123
"1993","X9.124",9,0.88,0.91,0.88,123
"1994","X10.124",10,0.87,0.9,0.88,123
"1995","X11.124",11,0.52,0.99,0.88,123
"1996","X12.124",12,0.75,0.8,0.88,123
"1997","X13.124",13,0.92,0.96,0.88,123
"1998","X14.124",14,0.98,1,0.88,123
"1999","X15.124",15,0.95,1,0.88,123
"2000","X16.124",16,0.88,0.9,0.88,123
"2001","X1.125",1,0.25,0.25,0.25,124
"2002","X2.125",2,0.4,0.35,0.25,124
"2003","X3.125",3,0.5,0.4,0.25,124
"2004","X4.125",4,0.4,0.4,0.25,124
"2005","X5.125",5,0.5,0.6,0.25,124
"2006","X6.125",6,0.4,0.4,0.25,124
"2007","X7.125",7,0.5,0.5,0.25,124
"2008","X8.125",8,0.4,0.4,0.25,124
"2009","X9.125",9,0.4,0.4,0.25,124
"2010","X10.125",10,0.4,0.4,0.25,124
"2011","X11.125",11,0.6,0.6,0.25,124
"2012","X12.125",12,0.4,0.4,0.25,124
"2013","X13.125",13,0.4,0.4,0.25,124
"2014","X14.125",14,0.4,0.4,0.25,124
"2015","X15.125",15,0.4,0.4,0.25,124
"2016","X16.125",16,0.4,0.4,0.25,124
"2017","X1.126",1,0.45,0.9,0.5,125
"2018","X2.126",2,0.85,1,0.5,125
"2019","X3.126",3,0.5,0.8,0.5,125
"2020","X4.126",4,0.25,0.25,0.5,125
"2021","X5.126",5,0.35,0.85,0.5,125
"2022","X6.126",6,0.25,0.25,0.5,125
"2023","X7.126",7,0.8,1,0.5,125
"2024","X8.126",8,0.6,1,0.5,125
"2025","X9.126",9,0.33,0.33,0.5,125
"2026","X10.126",10,0.34,0.34,0.5,125
"2027","X11.126",11,0.4,0.35,0.5,125
"2028","X12.126",12,0.55,0.8,0.5,125
"2029","X13.126",13,0.25,0.25,0.5,125
"2030","X14.126",14,0.97,1,0.5,125
"2031","X15.126",15,0.5,0.9,0.5,125
"2032","X16.126",16,0.85,0.98,0.5,125
"2033","X1.127",1,0.45,0.79,0.9,126
"2034","X2.127",2,0.7,0.98,0.9,126
"2035","X3.127",3,0.76,1,0.9,126
"2036","X4.127",4,0.33,0.4,0.9,126
"2037","X5.127",5,0.56,0.92,0.9,126
"2038","X6.127",6,0.31,0.4,0.9,126
"2039","X7.127",7,0.5,0.95,0.9,126
"2040","X8.127",8,0.4,0.99,0.9,126
"2041","X9.127",9,0.5,0.85,0.9,126
"2042","X10.127",10,0.35,0.45,0.9,126
"2043","X11.127",11,0.32,0.6,0.9,126
"2044","X12.127",12,0.48,0.9,0.9,126
"2045","X13.127",13,0.7,0,0.9,126
"2046","X14.127",14,0.9,1,0.9,126
"2047","X15.127",15,0.7,0.98,0.9,126
"2048","X16.127",16,0.4,0.6,0.9,126
"2049","X1.128",1,0.85,1,0.75,127
"2050","X2.128",2,0.05,1,0.75,127
"2051","X3.128",3,0.4,0.4,0.75,127
"2052","X4.128",4,0.4,0.4,0.75,127
"2053","X5.128",5,0.55,0.6,0.75,127
"2054","X6.128",6,0.25,1,0.75,127
"2055","X7.128",7,0.4,1,0.75,127
"2056","X8.128",8,0.4,1,0.75,127
"2057","X9.128",9,0.2,0.33,0.75,127
"2058","X10.128",10,0.2,1,0.75,127
"2059","X11.128",11,0.25,1,0.75,127
"2060","X12.128",12,0.3,0.3,0.75,127
"2061","X13.128",13,0.75,1,0.75,127
"2062","X14.128",14,0.85,1,0.75,127
"2063","X15.128",15,0.7,1,0.75,127
"2064","X16.128",16,0.5,0.5,0.75,127
"2065","X1.129",1,0.75,1,0.75,128
"2066","X2.129",2,0.6,1,0.75,128
"2067","X3.129",3,0.5,0.8,0.75,128
"2068","X4.129",4,0.6,0.75,0.75,128
"2069","X5.129",5,0.45,0.6,0.75,128
"2070","X6.129",6,0.25,0.25,0.75,128
"2071","X7.129",7,0.75,0.8,0.75,128
"2072","X8.129",8,0.6,0.8,0.75,128
"2073","X9.129",9,0.5,0.5,0.75,128
"2074","X10.129",10,0.4,0.4,0.75,128
"2075","X11.129",11,0.5,1,0.75,128
"2076","X12.129",12,0.8,0.8,0.75,128
"2077","X13.129",13,1,1,0.75,128
"2078","X14.129",14,1,1,0.75,128
"2079","X15.129",15,0.9,1,0.75,128
"2080","X16.129",16,0.5,0.5,0.75,128
"2081","X1.130",1,0.35,0.8,0.95,129
"2082","X2.130",2,0.4,0.75,0.95,129
"2083","X3.130",3,0.5,0.6,0.95,129
"2084","X4.130",4,0.25,0.4,0.95,129
"2085","X5.130",5,0.6,0.7,0.95,129
"2086","X6.130",6,0.25,0.75,0.95,129
"2087","X7.130",7,0.25,0.75,0.95,129
"2088","X8.130",8,0.5,1,0.95,129
"2089","X9.130",9,0.3,0.5,0.95,129
"2090","X10.130",10,0.35,0.6,0.95,129
"2091","X11.130",11,0.25,0.5,0.95,129
"2092","X12.130",12,0.25,0.5,0.95,129
"2093","X13.130",13,0.6,0.7,0.95,129
"2094","X14.130",14,0.7,1,0.95,129
"2095","X15.130",15,0.4,0.5,0.95,129
"2096","X16.130",16,0.75,0.65,0.95,129
"2097","X1.131",1,0.5,1,0.9,130
"2098","X2.131",2,0.7,1,0.9,130
"2099","X3.131",3,0.15,0.9,0.9,130
"2100","X4.131",4,0.75,1,0.9,130
"2101","X5.131",5,0.9,1,0.9,130
"2102","X6.131",6,0.5,0.9,0.9,130
"2103","X7.131",7,0.85,1,0.9,130
"2104","X8.131",8,0,1,0.9,130
"2105","X9.131",9,0.5,0.5,0.9,130
"2106","X10.131",10,0.8,0.95,0.9,130
"2107","X11.131",11,0.2,0.6,0.9,130
"2108","X12.131",12,0.8,1,0.9,130
"2109","X13.131",13,0.9,1,0.9,130
"2110","X14.131",14,0.85,1,0.9,130
"2111","X15.131",15,0.5,0.6,0.9,130
"2112","X16.131",16,0.6,1,0.9,130
"2113","X1.132",1,0.9,0.8,0.3,131
"2114","X2.132",2,1,1,0.3,131
"2115","X3.132",3,1,1,0.3,131
"2116","X4.132",4,0.95,1,0.3,131
"2117","X5.132",5,0.9,0.9,0.3,131
"2118","X6.132",6,0.5,0.5,0.3,131
"2119","X7.132",7,0.99,1,0.3,131
"2120","X8.132",8,0.95,1,0.3,131
"2121","X9.132",9,0.7,0.6,0.3,131
"2122","X10.132",10,1,1,0.3,131
"2123","X11.132",11,0.5,0.4,0.3,131
"2124","X12.132",12,0.4,0.5,0.3,131
"2125","X13.132",13,1,1,0.3,131
"2126","X14.132",14,1,1,0.3,131
"2127","X15.132",15,0.95,0.7,0.3,131
"2128","X16.132",16,1,1,0.3,131
"2129","X1.133",1,1,1,0.75,132
"2130","X2.133",2,1,1,0.75,132
"2131","X3.133",3,1,1,0.75,132
"2132","X4.133",4,1,1,0.75,132
"2133","X5.133",5,1,1,0.75,132
"2134","X6.133",6,1,1,0.75,132
"2135","X7.133",7,0.7,0.8,0.75,132
"2136","X8.133",8,0.25,0.25,0.75,132
"2137","X9.133",9,0.5,1,0.75,132
"2138","X10.133",10,0.4,0.5,0.75,132
"2139","X11.133",11,0.25,0,0.75,132
"2140","X12.133",12,1,1,0.75,132
"2141","X13.133",13,1,1,0.75,132
"2142","X14.133",14,1,1,0.75,132
"2143","X15.133",15,0,0,0.75,132
"2144","X16.133",16,1,1,0.75,132
"2145","X1.134",1,1,1,0.5,133
"2146","X2.134",2,1,1,0.5,133
"2147","X3.134",3,1,1,0.5,133
"2148","X4.134",4,0.9,1,0.5,133
"2149","X5.134",5,1,1,0.5,133
"2150","X6.134",6,0.4,1,0.5,133
"2151","X7.134",7,1,1,0.5,133
"2152","X8.134",8,0,0,0.5,133
"2153","X9.134",9,1,1,0.5,133
"2154","X10.134",10,1,1,0.5,133
"2155","X11.134",11,0.3,1,0.5,133
"2156","X12.134",12,1,1,0.5,133
"2157","X13.134",13,1,1,0.5,133
"2158","X14.134",14,1,1,0.5,133
"2159","X15.134",15,1,1,0.5,133
"2160","X16.134",16,1,1,0.5,133
"2161","X1.135",1,0.7,0.7,0.8,134
"2162","X2.135",2,0.8,1,0.8,134
"2163","X3.135",3,0.35,0.34,0.8,134
"2164","X4.135",4,0.4,0.45,0.8,134
"2165","X5.135",5,0.5,0.97,0.8,134
"2166","X6.135",6,0.25,0.5,0.8,134
"2167","X7.135",7,0.7,0.75,0.8,134
"2168","X8.135",8,0.5,0.95,0.8,134
"2169","X9.135",9,0.6,0.6,0.8,134
"2170","X10.135",10,0.5,0.7,0.8,134
"2171","X11.135",11,0.25,0.25,0.8,134
"2172","X12.135",12,0.35,0.5,0.8,134
"2173","X13.135",13,0.55,0.55,0.8,134
"2174","X14.135",14,0.95,1,0.8,134
"2175","X15.135",15,0.8,1,0.8,134
"2176","X16.135",16,0.25,0.5,0.8,134
"2177","X1.136",1,0.8,0.9,0.6,135
"2178","X2.136",2,1,1,0.6,135
"2179","X3.136",3,0.5,0.5,0.6,135
"2180","X4.136",4,1,1,0.6,135
"2181","X5.136",5,1,1,0.6,135
"2182","X6.136",6,0.5,0.5,0.6,135
"2183","X7.136",7,1,1,0.6,135
"2184","X8.136",8,0.25,0.25,0.6,135
"2185","X9.136",9,0.5,1,0.6,135
"2186","X10.136",10,0.6,0.6,0.6,135
"2187","X11.136",11,0,0.5,0.6,135
"2188","X12.136",12,0.5,0.5,0.6,135
"2189","X13.136",13,1,1,0.6,135
"2190","X14.136",14,1,1,0.6,135
"2191","X15.136",15,0.5,0.5,0.6,135
"2192","X16.136",16,1,1,0.6,135
"2193","X1.137",1,0.8,0.6,0.5,136
"2194","X2.137",2,0.6,0.9,0.5,136
"2195","X3.137",3,0.4,1,0.5,136
"2196","X4.137",4,0.45,0.4,0.5,136
"2197","X5.137",5,0.9,1,0.5,136
"2198","X6.137",6,0.8,1,0.5,136
"2199","X7.137",7,0.9,1,0.5,136
"2200","X8.137",8,0.5,1,0.5,136
"2201","X9.137",9,0.25,0.6,0.5,136
"2202","X10.137",10,0.2,0.8,0.5,136
"2203","X11.137",11,0.8,1,0.5,136
"2204","X12.137",12,0.4,1,0.5,136
"2205","X13.137",13,0.4,0.4,0.5,136
"2206","X14.137",14,1,1,0.5,136
"2207","X15.137",15,0.4,1,0.5,136
"2208","X16.137",16,0.3,0.5,0.5,136
"2209","X1.138",1,0.7,1,0.7,137
"2210","X2.138",2,0.6,0.8,0.7,137
"2211","X3.138",3,0.7,0.8,0.7,137
"2212","X4.138",4,0.5,0.7,0.7,137
"2213","X5.138",5,0.6,0.9,0.7,137
"2214","X6.138",6,0.4,0.7,0.7,137
"2215","X7.138",7,0.5,0.9,0.7,137
"2216","X8.138",8,0.4,1,0.7,137
"2217","X9.138",9,0.2,0.7,0.7,137
"2218","X10.138",10,0.45,0.8,0.7,137
"2219","X11.138",11,0.35,0.5,0.7,137
"2220","X12.138",12,0.2,0.5,0.7,137
"2221","X13.138",13,0.7,1,0.7,137
"2222","X14.138",14,0.7,1,0.7,137
"2223","X15.138",15,0.6,0.7,0.7,137
"2224","X16.138",16,0.2,0.5,0.7,137
"2225","X1.139",1,0.75,0.7,0.75,138
"2226","X2.139",2,0.5,0.55,0.75,138
"2227","X3.139",3,0.7,0.5,0.75,138
"2228","X4.139",4,0.6,0.5,0.75,138
"2229","X5.139",5,0.75,0.7,0.75,138
"2230","X6.139",6,0.6,0.7,0.75,138
"2231","X7.139",7,0.8,0.75,0.75,138
"2232","X8.139",8,0.8,0.7,0.75,138
"2233","X9.139",9,0.7,0.8,0.75,138
"2234","X10.139",10,0.8,0.9,0.75,138
"2235","X11.139",11,0.6,0.5,0.75,138
"2236","X12.139",12,0.6,0.75,0.75,138
"2237","X13.139",13,0.75,0.75,0.75,138
"2238","X14.139",14,0.7,0.8,0.75,138
"2239","X15.139",15,0.34,0.34,0.75,138
"2240","X16.139",16,0.75,0.8,0.75,138
"2241","X1.140",1,0.05,0.01,0.77,139
"2242","X2.140",2,0.95,0.99,0.77,139
"2243","X3.140",3,0.9,0.99,0.77,139
"2244","X4.140",4,0.8,0.75,0.77,139
"2245","X5.140",5,0.95,0.99,0.77,139
"2246","X6.140",6,0.75,0.8,0.77,139
"2247","X7.140",7,0.5,0.5,0.77,139
"2248","X8.140",8,0.75,0.95,0.77,139
"2249","X9.140",9,0.75,0.8,0.77,139
"2250","X10.140",10,0.25,0.3,0.77,139
"2251","X11.140",11,0.75,0.99,0.77,139
"2252","X12.140",12,0.8,0.99,0.77,139
"2253","X13.140",13,0.95,0.99,0.77,139
"2254","X14.140",14,0.25,0.8,0.77,139
"2255","X15.140",15,0.95,0.99,0.77,139
"2256","X16.140",16,0.95,0.99,0.77,139
"2257","X1.141",1,0.6,0.4,0.5,140
"2258","X2.141",2,0.4,0.3,0.5,140
"2259","X3.141",3,0.7,0.7,0.5,140
"2260","X4.141",4,0.6,0.8,0.5,140
"2261","X5.141",5,1,1,0.5,140
"2262","X6.141",6,0.4,0.3,0.5,140
"2263","X7.141",7,0.4,0.5,0.5,140
"2264","X8.141",8,0.8,0.7,0.5,140
"2265","X9.141",9,0.5,0.4,0.5,140
"2266","X10.141",10,0.3,0.5,0.5,140
"2267","X11.141",11,0.5,0.6,0.5,140
"2268","X12.141",12,0.4,0.7,0.5,140
"2269","X13.141",13,0.7,0.7,0.5,140
"2270","X14.141",14,1,1,0.5,140
"2271","X15.141",15,1,1,0.5,140
"2272","X16.141",16,0.8,1,0.5,140
"2273","X1.142",1,0.25,0.25,0.66,141
"2274","X2.142",2,0.5,0.5,0.66,141
"2275","X3.142",3,0.75,0.75,0.66,141
"2276","X4.142",4,0,1,0.66,141
"2277","X5.142",5,1,1,0.66,141
"2278","X6.142",6,0.34,0.34,0.66,141
"2279","X7.142",7,0.4,0.4,0.66,141
"2280","X8.142",8,0.5,0.5,0.66,141
"2281","X9.142",9,0.34,0.34,0.66,141
"2282","X10.142",10,0.75,0.75,0.66,141
"2283","X11.142",11,1,1,0.66,141
"2284","X12.142",12,1,1,0.66,141
"2285","X13.142",13,0.6,0.6,0.66,141
"2286","X14.142",14,0.25,0.25,0.66,141
"2287","X15.142",15,1,1,0.66,141
"2288","X16.142",16,1,1,0.66,141
"2289","X1.143",1,0.6,0.8,0.75,142
"2290","X2.143",2,0.5,0.8,0.75,142
"2291","X3.143",3,0.85,1,0.75,142
"2292","X4.143",4,0.4,0.5,0.75,142
"2293","X5.143",5,0.95,1,0.75,142
"2294","X6.143",6,0.55,0.9,0.75,142
"2295","X7.143",7,0.8,0.9,0.75,142
"2296","X8.143",8,0.45,0.95,0.75,142
"2297","X9.143",9,0.35,0.5,0.75,142
"2298","X10.143",10,0.4,0.5,0.75,142
"2299","X11.143",11,0.2,0.8,0.75,142
"2300","X12.143",12,0.7,0.9,0.75,142
"2301","X13.143",13,0.6,0.95,0.75,142
"2302","X14.143",14,0.95,1,0.75,142
"2303","X15.143",15,0.85,1,0.75,142
"2304","X16.143",16,0.8,1,0.75,142
"2305","X1.144",1,0.3,0.5,0.8,143
"2306","X2.144",2,0.8,0,0.8,143
"2307","X3.144",3,0.3,0.4,0.8,143
"2308","X4.144",4,0.15,0.25,0.8,143
"2309","X5.144",5,0.7,0.8,0.8,143
"2310","X6.144",6,0.25,0.4,0.8,143
"2311","X7.144",7,0.65,1,0.8,143
"2312","X8.144",8,0.4,1,0.8,143
"2313","X9.144",9,0.4,0.8,0.8,143
"2314","X10.144",10,0.3,1,0.8,143
"2315","X11.144",11,0.3,0.35,0.8,143
"2316","X12.144",12,0.6,0.8,0.8,143
"2317","X13.144",13,0.95,1,0.8,143
"2318","X14.144",14,0.95,1,0.8,143
"2319","X15.144",15,0.6,0.95,0.8,143
"2320","X16.144",16,0.5,0.7,0.8,143
"2337","X1.146",1,0.7,0.45,0.8,144
"2338","X2.146",2,1,1,0.8,144
"2339","X3.146",3,0.7,0.8,0.8,144
"2340","X4.146",4,0.3,0.3,0.8,144
"2341","X5.146",5,0,0,0.8,144
"2342","X6.146",6,1,1,0.8,144
"2343","X7.146",7,1,1,0.8,144
"2344","X8.146",8,0.5,0.5,0.8,144
"2345","X9.146",9,0.6,0.6,0.8,144
"2346","X10.146",10,0.2,0.2,0.8,144
"2347","X11.146",11,0.6,0.6,0.8,144
"2348","X12.146",12,1,1,0.8,144
"2349","X13.146",13,1,1,0.8,144
"2350","X14.146",14,1,1,0.8,144
"2351","X15.146",15,1,1,0.8,144
"2352","X16.146",16,1,1,0.8,144
"2353","X1.147",1,0.1,0.05,0.2,145
"2354","X2.147",2,0.5,0.6,0.2,145
"2355","X3.147",3,0.6,0.5,0.2,145
"2356","X4.147",4,0.45,0.4,0.2,145
"2357","X5.147",5,0.5,0.6,0.2,145
"2358","X6.147",6,0.2,0.3,0.2,145
"2359","X7.147",7,0.4,0.5,0.2,145
"2360","X8.147",8,0.5,0.7,0.2,145
"2361","X9.147",9,0.65,0.8,0.2,145
"2362","X10.147",10,0.4,0.25,0.2,145
"2363","X11.147",11,0.25,0.25,0.2,145
"2364","X12.147",12,0.3,0.4,0.2,145
"2365","X13.147",13,0.7,1,0.2,145
"2366","X14.147",14,0.8,1,0.2,145
"2367","X15.147",15,0.5,0.4,0.2,145
"2368","X16.147",16,0.3,0.4,0.2,145
"2369","X1.148",1,0.6,0.6,0.8,146
"2370","X2.148",2,0.7,0.92,0.8,146
"2371","X3.148",3,0.5,0.7,0.8,146
"2372","X4.148",4,0.3,0.35,0.8,146
"2373","X5.148",5,0.8,0.9,0.8,146
"2374","X6.148",6,0.3,0.6,0.8,146
"2375","X7.148",7,0.4,0.6,0.8,146
"2376","X8.148",8,0.7,0.9,0.8,146
"2377","X9.148",9,0.7,0.8,0.8,146
"2378","X10.148",10,0.35,0.5,0.8,146
"2379","X11.148",11,0.48,0.5,0.8,146
"2380","X12.148",12,0.8,1,0.8,146
"2381","X13.148",13,0.7,0.9,0.8,146
"2382","X14.148",14,0.92,1,0.8,146
"2383","X15.148",15,0.8,0.95,0.8,146
"2384","X16.148",16,0.95,1,0.8,146
"2385","X1.149",1,0.5,0.3,0.2,147
"2386","X2.149",2,0.5,0.7,0.2,147
"2387","X3.149",3,0.4,0.55,0.2,147
"2388","X4.149",4,0.35,0.25,0.2,147
"2389","X5.149",5,0.85,1,0.2,147
"2390","X6.149",6,0.3,0.25,0.2,147
"2391","X7.149",7,0.25,0.25,0.2,147
"2392","X8.149",8,1,1,0.2,147
"2393","X9.149",9,0.3,0.5,0.2,147
"2394","X10.149",10,0.25,0.25,0.2,147
"2395","X11.149",11,0.25,0.25,0.2,147
"2396","X12.149",12,0.4,0.25,0.2,147
"2397","X13.149",13,0.35,0.35,0.2,147
"2398","X14.149",14,0.25,0.25,0.2,147
"2399","X15.149",15,0.85,0.35,0.2,147
"2400","X16.149",16,0,0,0.2,147
"2401","X1.150",1,0.5,0.9,0.75,148
"2402","X2.150",2,0.85,0.8,0.75,148
"2403","X3.150",3,0.9,0.7,0.75,148
"2404","X4.150",4,0.2,0.5,0.75,148
"2405","X5.150",5,0.9,0.75,0.75,148
"2406","X6.150",6,0.9,1,0.75,148
"2407","X7.150",7,0.5,0.9,0.75,148
"2408","X8.150",8,0.75,0.8,0.75,148
"2409","X9.150",9,0.5,0.95,0.75,148
"2410","X10.150",10,0.25,0.8,0.75,148
"2411","X11.150",11,0.5,0.75,0.75,148
"2412","X12.150",12,0.6,0.95,0.75,148
"2413","X13.150",13,1,1,0.75,148
"2414","X14.150",14,0.9,1,0.75,148
"2415","X15.150",15,1,1,0.75,148
"2416","X16.150",16,1,1,0.75,148
"2417","X1.151",1,0.6,0.7,0.75,149
"2418","X2.151",2,0.7,1,0.75,149
"2419","X3.151",3,0.8,0.9,0.75,149
"2420","X4.151",4,0.65,0.9,0.75,149
"2421","X5.151",5,0.2,0.9,0.75,149
"2422","X6.151",6,0.4,1,0.75,149
"2423","X7.151",7,0.8,0.9,0.75,149
"2424","X8.151",8,0.5,1,0.75,149
"2425","X9.151",9,0.6,0.9,0.75,149
"2426","X10.151",10,0.7,0.9,0.75,149
"2427","X11.151",11,0.5,0.8,0.75,149
"2428","X12.151",12,0.4,0.8,0.75,149
"2429","X13.151",13,0.9,1,0.75,149
"2430","X14.151",14,1,1,0.75,149
"2431","X15.151",15,0.8,0.9,0.75,149
"2432","X16.151",16,0.7,0.8,0.75,149
"2433","X1.152",1,0.7,0.8,0.8,150
"2434","X2.152",2,0.8,0.7,0.8,150
"2435","X3.152",3,0.55,0.6,0.8,150
"2436","X4.152",4,0.35,0.25,0.8,150
"2437","X5.152",5,0.5,0.6,0.8,150
"2438","X6.152",6,0.5,0.5,0.8,150
"2439","X7.152",7,0.85,1,0.8,150
"2440","X8.152",8,0.7,0.95,0.8,150
"2441","X9.152",9,0.35,0.4,0.8,150
"2442","X10.152",10,0.9,0.85,0.8,150
"2443","X11.152",11,0.5,0.7,0.8,150
"2444","X12.152",12,0.6,0.5,0.8,150
"2445","X13.152",13,0.6,0.4,0.8,150
"2446","X14.152",14,1,1,0.8,150
"2447","X15.152",15,0.8,0.9,0.8,150
"2448","X16.152",16,0.6,0.6,0.8,150
"2449","X1.153",1,0.25,0.4,0.25,151
"2450","X2.153",2,1,1,0.25,151
"2451","X3.153",3,0.25,0.25,0.25,151
"2452","X4.153",4,0.4,0.33,0.25,151
"2453","X5.153",5,1,1,0.25,151
"2454","X6.153",6,0.7,1,0.25,151
"2455","X7.153",7,0.5,1,0.25,151
"2456","X8.153",8,0.25,0.25,0.25,151
"2457","X9.153",9,0.25,0.25,0.25,151
"2458","X10.153",10,0.25,0.25,0.25,151
"2459","X11.153",11,0.25,0.25,0.25,151
"2460","X12.153",12,0.25,0.1,0.25,151
"2461","X13.153",13,0.25,0.4,0.25,151
"2462","X14.153",14,0.4,0.6,0.25,151
"2463","X15.153",15,0.15,0.25,0.25,151
"2464","X16.153",16,0.85,0.85,0.25,151
"2465","X1.154",1,0.98,1,0.9,152
"2466","X2.154",2,0.7,1,0.9,152
"2467","X3.154",3,0.7,1,0.9,152
"2468","X4.154",4,0.25,1,0.9,152
"2469","X5.154",5,0.8,1,0.9,152
"2470","X6.154",6,0.25,0.45,0.9,152
"2471","X7.154",7,0.55,1,0.9,152
"2472","X8.154",8,0.7,1,0.9,152
"2473","X9.154",9,1,1,0.9,152
"2474","X10.154",10,0.33,0.9,0.9,152
"2475","X11.154",11,0.15,0.4,0.9,152
"2476","X12.154",12,0.4,1,0.9,152
"2477","X13.154",13,0.9,1,0.9,152
"2478","X14.154",14,1,1,0.9,152
"2479","X15.154",15,0.96,1,0.9,152
"2480","X16.154",16,0.9,0.95,0.9,152
"2481","X1.155",1,0.7,1,0.25,153
"2482","X2.155",2,0.25,0.25,0.25,153
"2483","X3.155",3,0.25,0.25,0.25,153
"2484","X4.155",4,0.7,0.7,0.25,153
"2485","X5.155",5,1,1,0.25,153
"2486","X6.155",6,0.25,0.25,0.25,153
"2487","X7.155",7,0.7,0.7,0.25,153
"2488","X8.155",8,0.25,0.25,0.25,153
"2489","X9.155",9,0.25,0.25,0.25,153
"2490","X10.155",10,0.25,0.25,0.25,153
"2491","X11.155",11,0.25,0.25,0.25,153
"2492","X12.155",12,0.25,0.25,0.25,153
"2493","X13.155",13,0.7,0.7,0.25,153
"2494","X14.155",14,0.7,0.7,0.25,153
"2495","X15.155",15,1,1,0.25,153
"2496","X16.155",16,1,1,0.25,153
"2497","X1.156",1,0.5,0.5,0.75,154
"2498","X2.156",2,0.25,1,0.75,154
"2499","X3.156",3,0.5,0.75,0.75,154
"2500","X4.156",4,0.25,0.75,0.75,154
"2501","X5.156",5,0,0,0.75,154
"2502","X6.156",6,1,1,0.75,154
"2503","X7.156",7,1,1,0.75,154
"2504","X8.156",8,1,1,0.75,154
"2505","X9.156",9,1,1,0.75,154
"2506","X10.156",10,0.5,0.5,0.75,154
"2507","X11.156",11,0.5,0.5,0.75,154
"2508","X12.156",12,1,1,0.75,154
"2509","X13.156",13,0.5,0.5,0.75,154
"2510","X14.156",14,1,1,0.75,154
"2511","X15.156",15,1,1,0.75,154
"2512","X16.156",16,1,1,0.75,154
"2513","X1.157",1,0.33,0.3,0.25,155
"2514","X2.157",2,0.4,0.5,0.25,155
"2515","X3.157",3,0.3,0.4,0.25,155
"2516","X4.157",4,0.4,0.5,0.25,155
"2517","X5.157",5,0.25,0.334,0.25,155
"2518","X6.157",6,0.35,0.4,0.25,155
"2519","X7.157",7,0.15,0.3,0.25,155
"2520","X8.157",8,0.65,0.75,0.25,155
"2521","X9.157",9,0.45,0.5,0.25,155
"2522","X10.157",10,0.4,0.5,0.25,155
"2523","X11.157",11,0.5,0.4,0.25,155
"2524","X12.157",12,0.334,0.334,0.25,155
"2525","X13.157",13,0.97,0.99,0.25,155
"2526","X14.157",14,0.25,0.25,0.25,155
"2527","X15.157",15,0.3,0.5,0.25,155
"2528","X16.157",16,0.8,0.9,0.25,155
"2529","X1.158",1,0.45,0.75,0.48,156
"2530","X2.158",2,0.3,0.5,0.48,156
"2531","X3.158",3,0.5,0.75,0.48,156
"2532","X4.158",4,0.25,0.25,0.48,156
"2533","X5.158",5,0.6,0.25,0.48,156
"2534","X6.158",6,0.25,0.25,0.48,156
"2535","X7.158",7,0.35,0.75,0.48,156
"2536","X8.158",8,0.75,0.45,0.48,156
"2537","X9.158",9,1,1,0.48,156
"2538","X10.158",10,0.35,0.5,0.48,156
"2539","X11.158",11,0.25,0.25,0.48,156
"2540","X12.158",12,0.5,0.5,0.48,156
"2541","X13.158",13,1,1,0.48,156
"2542","X14.158",14,0.75,1,0.48,156
"2543","X15.158",15,0.5,0.75,0.48,156
"2544","X16.158",16,0.75,0.75,0.48,156
"2545","X1.159",1,0.2,0.5,0.98,157
"2546","X2.159",2,0.4,0.75,0.98,157
"2547","X3.159",3,0.25,0.4,0.98,157
"2548","X4.159",4,0.25,0.65,0.98,157
"2549","X5.159",5,0.95,1,0.98,157
"2550","X6.159",6,0.9,1,0.98,157
"2551","X7.159",7,0.05,0.9,0.98,157
"2552","X8.159",8,0.5,1,0.98,157
"2553","X9.159",9,0.2,1,0.98,157
"2554","X10.159",10,0.5,0.5,0.98,157
"2555","X11.159",11,0.4,1,0.98,157
"2556","X12.159",12,1,1,0.98,157
"2557","X13.159",13,1,1,0.98,157
"2558","X14.159",14,1,1,0.98,157
"2559","X15.159",15,0.8,1,0.98,157
"2560","X16.159",16,0.3,0.4,0.98,157
"2561","X1.160",1,0.35,0.3,0.3,158
"2562","X2.160",2,0.6,0.85,0.3,158
"2563","X3.160",3,0.4,0.7,0.3,158
"2564","X4.160",4,0.2,0.3,0.3,158
"2565","X5.160",5,0.4,0.5,0.3,158
"2566","X6.160",6,0.5,0.25,0.3,158
"2567","X7.160",7,0.35,0.35,0.3,158
"2568","X8.160",8,0.4,0.6,0.3,158
"2569","X9.160",9,0.4,0.3,0.3,158
"2570","X10.160",10,0.7,1,0.3,158
"2571","X11.160",11,0.3,0.5,0.3,158
"2572","X12.160",12,0.5,0.5,0.3,158
"2573","X13.160",13,0.55,0.5,0.3,158
"2574","X14.160",14,0.9,0.7,0.3,158
"2575","X15.160",15,0.7,0.35,0.3,158
"2576","X16.160",16,0.4,0.5,0.3,158
"2577","X1.161",1,0.99,0.99,0.9,159
"2578","X2.161",2,0.5,0.5,0.9,159
"2579","X3.161",3,0.99,0.99,0.9,159
"2580","X4.161",4,0.9,0.5,0.9,159
"2581","X5.161",5,1,1,0.9,159
"2582","X6.161",6,1,1,0.9,159
"2583","X7.161",7,0.25,0.25,0.9,159
"2584","X8.161",8,0.99,1,0.9,159
"2585","X9.161",9,0.99,1,0.9,159
"2586","X10.161",10,0.25,0.25,0.9,159
"2587","X11.161",11,0.5,0.5,0.9,159
"2588","X12.161",12,0.5,0.5,0.9,159
"2589","X13.161",13,1,1,0.9,159
"2590","X14.161",14,1,1,0.9,159
"2591","X15.161",15,1,1,0.9,159
"2592","X16.161",16,0.75,1,0.9,159
"2593","X1.162",1,0.3,0.4,0.45,160
"2594","X2.162",2,0.2,0.2,0.45,160
"2595","X3.162",3,0,0,0.45,160
"2596","X4.162",4,0.5,0.5,0.45,160
"2597","X5.162",5,1,1,0.45,160
"2598","X6.162",6,0.2,0.2,0.45,160
"2599","X7.162",7,0.6,0.4,0.45,160
"2600","X8.162",8,0.4,0.3,0.45,160
"2601","X9.162",9,0.5,0.5,0.45,160
"2602","X10.162",10,0.4,0.4,0.45,160
"2603","X11.162",11,0.2,0.3,0.45,160
"2604","X12.162",12,0.2,0.3,0.45,160
"2605","X13.162",13,0.2,0.3,0.45,160
"2606","X14.162",14,1,1,0.45,160
"2607","X15.162",15,1,1,0.45,160
"2608","X16.162",16,1,1,0.45,160
"2609","X1.163",1,0.5,1,0.8,161
"2610","X2.163",2,0.25,1,0.8,161
"2611","X3.163",3,0.4,0.5,0.8,161
"2612","X4.163",4,0.3,0.7,0.8,161
"2613","X5.163",5,0.3,0.7,0.8,161
"2614","X6.163",6,0.25,1,0.8,161
"2615","X7.163",7,0.35,1,0.8,161
"2616","X8.163",8,0.25,1,0.8,161
"2617","X9.163",9,0.25,0.25,0.8,161
"2618","X10.163",10,0.5,1,0.8,161
"2619","X11.163",11,0.5,0.6,0.8,161
"2620","X12.163",12,0.25,1,0.8,161
"2621","X13.163",13,0.25,1,0.8,161
"2622","X14.163",14,0.7,1,0.8,161
"2623","X15.163",15,0.9,1,0.8,161
"2624","X16.163",16,1,1,0.8,161
"2625","X1.164",1,0.35,0.25,0.25,162
"2626","X2.164",2,0.25,0.3,0.25,162
"2627","X3.164",3,0.25,0.1,0.25,162
"2628","X4.164",4,0.4,0.4,0.25,162
"2629","X5.164",5,0.5,0.4,0.25,162
"2630","X6.164",6,0.45,0.35,0.25,162
"2631","X7.164",7,0.35,0.35,0.25,162
"2632","X8.164",8,0.35,0.35,0.25,162
"2633","X9.164",9,0.45,0.5,0.25,162
"2634","X10.164",10,0.35,0.35,0.25,162
"2635","X11.164",11,0.35,0.25,0.25,162
"2636","X12.164",12,0.2,0.4,0.25,162
"2637","X13.164",13,0.35,0.35,0.25,162
"2638","X14.164",14,0.59,0.79,0.25,162
"2639","X15.164",15,0.4,0.79,0.25,162
"2640","X16.164",16,0.54,0.5,0.25,162
"2641","X1.165",1,0.4,0.5,0.8,163
"2642","X2.165",2,0.5,0.8,0.8,163
"2643","X3.165",3,0.3,0.5,0.8,163
"2644","X4.165",4,0.3,0.4,0.8,163
"2645","X5.165",5,0.8,0.6,0.8,163
"2646","X6.165",6,0.1,0.4,0.8,163
"2647","X7.165",7,0.5,0.9,0.8,163
"2648","X8.165",8,0.4,0.6,0.8,163
"2649","X9.165",9,0.3,0.25,0.8,163
"2650","X10.165",10,0.1,0.3,0.8,163
"2651","X11.165",11,0.2,0.5,0.8,163
"2652","X12.165",12,0,0.4,0.8,163
"2653","X13.165",13,0.7,0.8,0.8,163
"2654","X14.165",14,0.4,0.5,0.8,163
"2655","X15.165",15,0.4,0.6,0.8,163
"2656","X16.165",16,0.2,0.6,0.8,163
"2657","X1.166",1,0.8,0.9,0.75,164
"2658","X2.166",2,0.95,1,0.75,164
"2659","X3.166",3,0.8,1,0.75,164
"2660","X4.166",4,0.85,1,0.75,164
"2661","X5.166",5,0.9,0.9,0.75,164
"2662","X6.166",6,0.33,0.4,0.75,164
"2663","X7.166",7,1,1,0.75,164
"2664","X8.166",8,0.5,0.5,0.75,164
"2665","X9.166",9,0.3,0.3,0.75,164
"2666","X10.166",10,0.75,0.75,0.75,164
"2667","X11.166",11,0.45,0.5,0.75,164
"2668","X12.166",12,1,1,0.75,164
"2669","X13.166",13,0.7,0.7,0.75,164
"2670","X14.166",14,1,1,0.75,164
"2671","X15.166",15,1,1,0.75,164
"2672","X16.166",16,0.2,0.3,0.75,164
"2673","X1.167",1,0.3,1,0.5,165
"2674","X2.167",2,0.6,0.7,0.5,165
"2675","X3.167",3,0.6,0.7,0.5,165
"2676","X4.167",4,0.25,0.25,0.5,165
"2677","X5.167",5,0.15,0.4,0.5,165
"2678","X6.167",6,0.25,0.25,0.5,165
"2679","X7.167",7,0.5,0.5,0.5,165
"2680","X8.167",8,0.25,0.25,0.5,165
"2681","X9.167",9,0.6,0.8,0.5,165
"2682","X10.167",10,0.3,0.4,0.5,165
"2683","X11.167",11,0.05,0.3,0.5,165
"2684","X12.167",12,0.25,0.25,0.5,165
"2685","X13.167",13,0.25,0.25,0.5,165
"2686","X14.167",14,0.8,1,0.5,165
"2687","X15.167",15,0.25,0.25,0.5,165
"2688","X16.167",16,0.8,0.8,0.5,165
"2689","X1.168",1,0.5,1,0.75,166
"2690","X2.168",2,0.5,0.5,0.75,166
"2691","X3.168",3,0.8,0.8,0.75,166
"2692","X4.168",4,0.7,0.8,0.75,166
"2693","X5.168",5,0.8,1,0.75,166
"2694","X6.168",6,0.35,0.25,0.75,166
"2695","X7.168",7,0.25,0.25,0.75,166
"2696","X8.168",8,0.9,1,0.75,166
"2697","X9.168",9,0.1,1,0.75,166
"2698","X10.168",10,0.75,0.5,0.75,166
"2699","X11.168",11,0.9,1,0.75,166
"2700","X12.168",12,0.9,1,0.75,166
"2701","X13.168",13,0.9,1,0.75,166
"2702","X14.168",14,0.98,1,0.75,166
"2703","X15.168",15,0.8,1,0.75,166
"2704","X16.168",16,1,1,0.75,166
"2705","X1.169",1,0.7,0.6,0.6,167
"2706","X2.169",2,0.7,0.8,0.6,167
"2707","X3.169",3,0.4,0.5,0.6,167
"2708","X4.169",4,0.5,0.7,0.6,167
"2709","X5.169",5,0.7,0.8,0.6,167
"2710","X6.169",6,0.25,0.4,0.6,167
"2711","X7.169",7,0.35,0.6,0.6,167
"2712","X8.169",8,0.6,0.9,0.6,167
"2713","X9.169",9,0.5,0.6,0.6,167
"2714","X10.169",10,0.6,0.6,0.6,167
"2715","X11.169",11,0.4,0.5,0.6,167
"2716","X12.169",12,0.25,0.3,0.6,167
"2717","X13.169",13,0.4,0.5,0.6,167
"2718","X14.169",14,0.6,1,0.6,167
"2719","X15.169",15,0.8,1,0.6,167
"2720","X16.169",16,0.6,1,0.6,167
"2721","X1.170",1,0.6,0.7,0.8,168
"2722","X2.170",2,0.07,0.04,0.8,168
"2723","X3.170",3,0.25,0.7,0.8,168
"2724","X4.170",4,0.3,0.5,0.8,168
"2725","X5.170",5,0.7,0.8,0.8,168
"2726","X6.170",6,0.14,0.45,0.8,168
"2727","X7.170",7,0.5,0.4,0.8,168
"2728","X8.170",8,0.9,0.99,0.8,168
"2729","X9.170",9,0.25,0.5,0.8,168
"2730","X10.170",10,0.25,0.4,0.8,168
"2731","X11.170",11,0.25,0.5,0.8,168
"2732","X12.170",12,0.3,0.55,0.8,168
"2733","X13.170",13,0.25,0.45,0.8,168
"2734","X14.170",14,0.6,0.75,0.8,168
"2735","X15.170",15,0.25,0.5,0.8,168
"2736","X16.170",16,0.4,0.35,0.8,168
"2737","X1.171",1,1,1,0.75,169
"2738","X2.171",2,0.75,1,0.75,169
"2739","X3.171",3,1,1,0.75,169
"2740","X4.171",4,0.75,1,0.75,169
"2741","X5.171",5,0.5,0.75,0.75,169
"2742","X6.171",6,0.5,0.35,0.75,169
"2743","X7.171",7,0.5,0.35,0.75,169
"2744","X8.171",8,0.75,1,0.75,169
"2745","X9.171",9,0.25,0.3,0.75,169
"2746","X10.171",10,0.25,0.25,0.75,169
"2747","X11.171",11,0.35,0.25,0.75,169
"2748","X12.171",12,0.25,0.5,0.75,169
"2749","X13.171",13,1,1,0.75,169
"2750","X14.171",14,1,1,0.75,169
"2751","X15.171",15,1,1,0.75,169
"2752","X16.171",16,0.5,0.5,0.75,169
