"","Q","Other","Self","Percentile","Subject"
"X1",1,0.5,1,0.56,1
"X2",2,1,1,0.56,1
"X3",3,0,0,0.56,1
"X4",4,1,1,0.56,1
"X5",5,1,1,0.56,1
"X6",6,1,1,0.56,1
"X7",7,1,1,0.56,1
"X8",8,1,0.5,0.56,1
"X9",9,0.5,0.5,0.56,1
"X10",10,1,1,0.56,1
"X11",11,1,1,0.56,1
"X12",12,1,1,0.56,1
"X13",13,1,0,0.56,1
"X14",14,0,1,0.56,1
"X15",15,1,1,0.56,1
"X16",16,1,1,0.56,1
"X1.1",1,0.7,1,0.25,2
"X2.1",2,0.8,1,0.25,2
"X3.1",3,0.5,0.5,0.25,2
"X4.1",4,0.5,0.7,0.25,2
"X5.1",5,0.5,0.5,0.25,2
"X6.1",6,0.5,0.6,0.25,2
"X7.1",7,1,1,0.25,2
"X8.1",8,0.4,0.5,0.25,2
"X9.1",9,0.5,0.5,0.25,2
"X10.1",10,0.5,0.6,0.25,2
"X11.1",11,0.25,0.4,0.25,2
"X12.1",12,1,1,0.25,2
"X13.1",13,1,1,0.25,2
"X14.1",14,1,1,0.25,2
"X15.1",15,1,1,0.25,2
"X16.1",16,1,1,0.25,2
"X1.2",1,0.6,0.99,0.9,3
"X2.2",2,0.1,0,0.9,3
"X3.2",3,0.8,0.9,0.9,3
"X4.2",4,0.35,0.55,0.9,3
"X5.2",5,0.35,0.75,0.9,3
"X6.2",6,0.2,0.25,0.9,3
"X7.2",7,0.5,0.75,0.9,3
"X8.2",8,0.5,1,0.9,3
"X9.2",9,0.35,0.6,0.9,3
"X10.2",10,0.3,0.95,0.9,3
"X11.2",11,0.4,0.4,0.9,3
"X12.2",12,0.4,0.5,0.9,3
"X13.2",13,0.4,1,0.9,3
"X14.2",14,0.85,1,0.9,3
"X15.2",15,0.7,0.9,0.9,3
"X16.2",16,0.5,1,0.9,3
"X1.3",1,0.5,0.5,1,4
"X2.3",2,0.5,0.5,1,4
"X3.3",3,0.5,0.5,1,4
"X4.3",4,0.5,0.5,1,4
"X5.3",5,1,1,1,4
"X6.3",6,0.25,0.25,1,4
"X7.3",7,0.25,0.25,1,4
"X8.3",8,0.25,1,1,4
"X9.3",9,0.25,1,1,4
"X10.3",10,0.25,0.25,1,4
"X11.3",11,0.25,0.25,1,4
"X12.3",12,0.25,1,1,4
"X13.3",13,0.25,1,1,4
"X14.3",14,0.25,1,1,4
"X15.3",15,0.25,1,1,4
"X16.3",16,0.25,0.25,1,4
"X1.4",1,0.55,0.5,0.8,5
"X2.4",2,0.95,1,0.8,5
"X3.4",3,0.85,0.85,0.8,5
"X4.4",4,0.4,0.5,0.8,5
"X5.4",5,0.6,0.7,0.8,5
"X6.4",6,0.85,0.85,0.8,5
"X7.4",7,1,1,0.8,5
"X8.4",8,0.8,0.9,0.8,5
"X9.4",9,0.6,0.9,0.8,5
"X10.4",10,0.5,0.5,0.8,5
"X11.4",11,0.5,0.99,0.8,5
"X12.4",12,0.55,0.55,0.8,5
"X13.4",13,1,1,0.8,5
"X14.4",14,1,1,0.8,5
"X15.4",15,0.9,0.8,0.8,5
"X16.4",16,0.8,0.9,0.8,5
"X1.5",1,0.25,0.6,0.2,6
"X2.5",2,0.5,1,0.2,6
"X3.5",3,0.25,0.5,0.2,6
"X4.5",4,0.7,0.5,0.2,6
"X5.5",5,0.25,1,0.2,6
"X6.5",6,0.25,0.25,0.2,6
"X7.5",7,0.8,1,0.2,6
"X8.5",8,0.5,1,0.2,6
"X9.5",9,0.8,0.6,0.2,6
"X10.5",10,0.25,0.2,0.2,6
"X11.5",11,0.25,0.25,0.2,6
"X12.5",12,0.65,0.7,0.2,6
"X13.5",13,0.7,1,0.2,6
"X14.5",14,1,1,0.2,6
"X15.5",15,0.5,0.5,0.2,6
"X16.5",16,1,1,0.2,6
"X1.6",1,0.5,0.6,0.3,7
"X2.6",2,1,1,0.3,7
"X3.6",3,0.25,0.25,0.3,7
"X4.6",4,1,1,0.3,7
"X5.6",5,0.6,0.5,0.3,7
"X6.6",6,0.5,0.7,0.3,7
"X7.6",7,0.5,0.4,0.3,7
"X8.6",8,1,1,0.3,7
"X9.6",9,0.3,0.7,0.3,7
"X10.6",10,0.5,0.5,0.3,7
"X11.6",11,0.25,0.25,0.3,7
"X12.6",12,1,1,0.3,7
"X13.6",13,1,1,0.3,7
"X14.6",14,0,0,0.3,7
"X15.6",15,1,1,0.3,7
"X16.6",16,1,1,0.3,7
"X1.7",1,0,0,0.75,8
"X2.7",2,1,1,0.75,8
"X3.7",3,0.5,0.4,0.75,8
"X4.7",4,1,1,0.75,8
"X5.7",5,0.5,0.5,0.75,8
"X6.7",6,1,1,0.75,8
"X7.7",7,0.8,1,0.75,8
"X8.7",8,0.5,1,0.75,8
"X9.7",9,1,1,0.75,8
"X10.7",10,0.5,1,0.75,8
"X11.7",11,0.25,0.25,0.75,8
"X12.7",12,1,0.5,0.75,8
"X13.7",13,1,1,0.75,8
"X14.7",14,1,1,0.75,8
"X15.7",15,1,1,0.75,8
"X16.7",16,1,1,0.75,8
"X1.8",1,0.35,0.5,0.5,9
"X2.8",2,0.7,0.8,0.5,9
"X3.8",3,0.7,0.6,0.5,9
"X4.8",4,0.25,0.25,0.5,9
"X5.8",5,0.45,0.4,0.5,9
"X6.8",6,0.25,0.25,0.5,9
"X7.8",7,0.3,0.45,0.5,9
"X8.8",8,0.3,0.45,0.5,9
"X9.8",9,1,0.9,0.5,9
"X10.8",10,0.1,1,0.5,9
"X11.8",11,0.25,0.35,0.5,9
"X12.8",12,0.4,0.5,0.5,9
"X13.8",13,0.35,0.35,0.5,9
"X14.8",14,0.9,1,0.5,9
"X15.8",15,0.4,0.4,0.5,9
"X16.8",16,0.5,0.6,0.5,9
"X1.9",1,0.3,0.95,0.85,10
"X2.9",2,0.75,0.95,0.85,10
"X3.9",3,0.75,0.75,0.85,10
"X4.9",4,0.5,0.5,0.85,10
"X5.9",5,0.3,1,0.85,10
"X6.9",6,0.5,0.6,0.85,10
"X7.9",7,0.8,0.8,0.85,10
"X8.9",8,0.6,0.85,0.85,10
"X9.9",9,0.5,0.5,0.85,10
"X10.9",10,1,1,0.85,10
"X11.9",11,0.75,0.75,0.85,10
"X12.9",12,0.6,0.6,0.85,10
"X13.9",13,0.5,0.5,0.85,10
"X14.9",14,1,1,0.85,10
"X15.9",15,0.5,0.6,0.85,10
"X16.9",16,1,1,0.85,10
"X1.10",1,0.4,0.4,0.1,11
"X2.10",2,0.4,0.4,0.1,11
"X3.10",3,0.7,0.7,0.1,11
"X4.10",4,0.4,0.4,0.1,11
"X5.10",5,0,0.9,0.1,11
"X6.10",6,0.6,0.6,0.1,11
"X7.10",7,0.8,0.8,0.1,11
"X8.10",8,0.4,0.4,0.1,11
"X9.10",9,0.5,0.5,0.1,11
"X10.10",10,0.4,0.4,0.1,11
"X11.10",11,0.2,0.2,0.1,11
"X12.10",12,0.4,0.4,0.1,11
"X13.10",13,0.8,0.8,0.1,11
"X14.10",14,1,1,0.1,11
"X15.10",15,0.7,0.7,0.1,11
"X16.10",16,0.8,0.8,0.1,11
"X1.11",1,0.5,0,0.8,12
"X2.11",2,0.1,0.1,0.8,12
"X3.11",3,0.5,0.7,0.8,12
"X4.11",4,0.4,0.5,0.8,12
"X5.11",5,0.6,0.7,0.8,12
"X6.11",6,0.6,0.6,0.8,12
"X7.11",7,0.6,0.7,0.8,12
"X8.11",8,0.5,0.4,0.8,12
"X9.11",9,0.6,0.5,0.8,12
"X10.11",10,0.5,0.4,0.8,12
"X11.11",11,0.2,0.4,0.8,12
"X12.11",12,0.3,0.4,0.8,12
"X13.11",13,0.1,0.6,0.8,12
"X14.11",14,0.9,1,0.8,12
"X15.11",15,0.7,1,0.8,12
"X16.11",16,0.5,0.6,0.8,12
"X1.12",1,0.5,0.6,0.5,13
"X2.12",2,0.3,0.4,0.5,13
"X3.12",3,0.5,0.6,0.5,13
"X4.12",4,0.4,0.4,0.5,13
"X5.12",5,0.8,1,0.5,13
"X6.12",6,0.15,0.3,0.5,13
"X7.12",7,0.5,0.8,0.5,13
"X8.12",8,0.8,1,0.5,13
"X9.12",9,0.5,0.5,0.5,13
"X10.12",10,1,1,0.5,13
"X11.12",11,0.5,0.6,0.5,13
"X12.12",12,0.5,0.5,0.5,13
"X13.12",13,0.8,1,0.5,13
"X14.12",14,0.4,0.5,0.5,13
"X15.12",15,1,1,0.5,13
"X16.12",16,1,1,0.5,13
"X1.13",1,0.2,1,0.9,14
"X2.13",2,1,1,0.9,14
"X3.13",3,1,1,0.9,14
"X4.13",4,0.9,1,0.9,14
"X5.13",5,1,1,0.9,14
"X6.13",6,0.2,0.4,0.9,14
"X7.13",7,1,1,0.9,14
"X8.13",8,0.5,0.9,0.9,14
"X9.13",9,0,0,0.9,14
"X10.13",10,0.4,1,0.9,14
"X11.13",11,0.7,1,0.9,14
"X12.13",12,0.5,0.5,0.9,14
"X13.13",13,1,1,0.9,14
"X14.13",14,1,1,0.9,14
"X15.13",15,1,1,0.9,14
"X16.13",16,1,1,0.9,14
"X1.14",1,0.6,1,0.8,15
"X2.14",2,0.3,0.7,0.8,15
"X3.14",3,0.45,0.4,0.8,15
"X4.14",4,0.55,0.95,0.8,15
"X5.14",5,0.25,0.78,0.8,15
"X6.14",6,0.5,0.8,0.8,15
"X7.14",7,0.4,0.7,0.8,15
"X8.14",8,0.35,0.9,0.8,15
"X9.14",9,0.3,0.35,0.8,15
"X10.14",10,0.25,1,0.8,15
"X11.14",11,0.25,0.8,0.8,15
"X12.14",12,0.35,0.4,0.8,15
"X13.14",13,0.5,1,0.8,15
"X14.14",14,0.85,1,0.8,15
"X15.14",15,0.5,0.9,0.8,15
"X16.14",16,0.4,0.6,0.8,15
"X1.15",1,0.3,0.45,0.3,16
"X2.15",2,0.3,0.25,0.3,16
"X3.15",3,0.38,0.35,0.3,16
"X4.15",4,0.4,0.4,0.3,16
"X5.15",5,0.9,0.8,0.3,16
"X6.15",6,0.3,0.4,0.3,16
"X7.15",7,0.65,0.6,0.3,16
"X8.15",8,0.5,0.7,0.3,16
"X9.15",9,0.45,0.4,0.3,16
"X10.15",10,0.6,0.55,0.3,16
"X11.15",11,0.5,0.6,0.3,16
"X12.15",12,0.55,0.58,0.3,16
"X13.15",13,0.35,0.35,0.3,16
"X14.15",14,1,0.8,0.3,16
"X15.15",15,0.8,1,0.3,16
"X16.15",16,0.65,0.6,0.3,16
"X1.16",1,1,1,0.95,17
"X2.16",2,0.25,0.5,0.95,17
"X3.16",3,1,1,0.95,17
"X4.16",4,0.25,0.5,0.95,17
"X5.16",5,0.25,0.5,0.95,17
"X6.16",6,0.5,1,0.95,17
"X7.16",7,0.5,1,0.95,17
"X8.16",8,0.35,0.5,0.95,17
"X9.16",9,0.5,0.5,0.95,17
"X10.16",10,0.75,0.7,0.95,17
"X11.16",11,0.5,0.5,0.95,17
"X12.16",12,0.5,1,0.95,17
"X13.16",13,0.5,1,0.95,17
"X14.16",14,1,1,0.95,17
"X15.16",15,1,1,0.95,17
"X16.16",16,0.75,1,0.95,17
"X1.17",1,0.4,0.5,0.8,18
"X2.17",2,0.7,0.7,0.8,18
"X3.17",3,0.85,1,0.8,18
"X4.17",4,0.4,0.45,0.8,18
"X5.17",5,0.8,0.9,0.8,18
"X6.17",6,0.75,1,0.8,18
"X7.17",7,0.6,0.6,0.8,18
"X8.17",8,0.75,1,0.8,18
"X9.17",9,0.85,1,0.8,18
"X10.17",10,0.55,1,0.8,18
"X11.17",11,0.3,0.25,0.8,18
"X12.17",12,0.4,1,0.8,18
"X13.17",13,0.4,0.55,0.8,18
"X14.17",14,0.9,1,0.8,18
"X15.17",15,1,1,0.8,18
"X16.17",16,1,1,0.8,18
"X1.18",1,0.6,0.6,0.9,19
"X2.18",2,0.5,1,0.9,19
"X3.18",3,0.5,0.9,0.9,19
"X4.18",4,0.7,1,0.9,19
"X5.18",5,0.7,1,0.9,19
"X6.18",6,0.4,1,0.9,19
"X7.18",7,0.5,1,0.9,19
"X8.18",8,0.5,1,0.9,19
"X9.18",9,0.7,1,0.9,19
"X10.18",10,0.2,1,0.9,19
"X11.18",11,0.5,1,0.9,19
"X12.18",12,0.5,1,0.9,19
"X13.18",13,0.7,1,0.9,19
"X14.18",14,0.5,1,0.9,19
"X15.18",15,0.5,1,0.9,19
"X16.18",16,0.5,1,0.9,19
"X1.19",1,0.05,0.9,0.4,20
"X2.19",2,0.3,0.4,0.4,20
"X3.19",3,0.2,0.4,0.4,20
"X4.19",4,0.6,0.4,0.4,20
"X5.19",5,0.5,0.7,0.4,20
"X6.19",6,0.4,0.3,0.4,20
"X7.19",7,0.3,0.6,0.4,20
"X8.19",8,0.2,0.4,0.4,20
"X9.19",9,1,0.9,0.4,20
"X10.19",10,0.2,0.3,0.4,20
"X11.19",11,0.2,1,0.4,20
"X12.19",12,0.2,0.3,0.4,20
"X13.19",13,0.2,0.3,0.4,20
"X14.19",14,1,1,0.4,20
"X15.19",15,0.1,0.3,0.4,20
"X16.19",16,0.3,0.3,0.4,20
"X1.20",1,0.78,1,0.6,21
"X2.20",2,0.7,1,0.6,21
"X3.20",3,0.55,1,0.6,21
"X4.20",4,0.65,1,0.6,21
"X5.20",5,0.6,1,0.6,21
"X6.20",6,1,1,0.6,21
"X7.20",7,1,1,0.6,21
"X8.20",8,0.4,0.5,0.6,21
"X9.20",9,0.6,1,0.6,21
"X10.20",10,0.6,1,0.6,21
"X11.20",11,0.4,0.5,0.6,21
"X12.20",12,0.35,0.5,0.6,21
"X13.20",13,1,1,0.6,21
"X14.20",14,1,1,0.6,21
"X15.20",15,1,1,0.6,21
"X16.20",16,0.2,0.5,0.6,21
"X1.21",1,0.5,0.5,0.9,22
"X2.21",2,0.25,0.5,0.9,22
"X3.21",3,0.5,1,0.9,22
"X4.21",4,0.75,1,0.9,22
"X5.21",5,0.5,0.75,0.9,22
"X6.21",6,0.5,0.5,0.9,22
"X7.21",7,0.5,1,0.9,22
"X8.21",8,0.75,1,0.9,22
"X9.21",9,0.5,0.5,0.9,22
"X10.21",10,0.5,1,0.9,22
"X11.21",11,0.25,0.75,0.9,22
"X12.21",12,1,1,0.9,22
"X13.21",13,0,0,0.9,22
"X14.21",14,0.75,1,0.9,22
"X15.21",15,1,1,0.9,22
"X16.21",16,1,1,0.9,22
"X1.22",1,0.5,1,0.7,23
"X2.22",2,0.6,1,0.7,23
"X3.22",3,0.7,1,0.7,23
"X4.22",4,0.6,1,0.7,23
"X5.22",5,0.5,1,0.7,23
"X6.22",6,0.3,0.5,0.7,23
"X7.22",7,0.3,0.3,0.7,23
"X8.22",8,0.4,0.6,0.7,23
"X9.22",9,0.5,0.5,0.7,23
"X10.22",10,0.25,0.4,0.7,23
"X11.22",11,0.3,0.5,0.7,23
"X12.22",12,0.4,0.5,0.7,23
"X13.22",13,0.7,1,0.7,23
"X14.22",14,0.6,1,0.7,23
"X15.22",15,0.5,1,0.7,23
"X16.22",16,0.2,0.6,0.7,23
"X1.23",1,0.55,0.7,0.75,24
"X2.23",2,0.75,1,0.75,24
"X3.23",3,0.7,0.45,0.75,24
"X4.23",4,0.5,0.3,0.75,24
"X5.23",5,0.3,0.4,0.75,24
"X6.23",6,0.6,0.75,0.75,24
"X7.23",7,0.3,0.25,0.75,24
"X8.23",8,0.6,0.6,0.75,24
"X9.23",9,0.55,1,0.75,24
"X10.23",10,0.5,0.5,0.75,24
"X11.23",11,0.5,0.5,0.75,24
"X12.23",12,0.5,0.5,0.75,24
"X13.23",13,0.5,0.55,0.75,24
"X14.23",14,1,1,0.75,24
"X15.23",15,1,0.85,0.75,24
"X16.23",16,1,1,0.75,24
"X1.24",1,0.3,0.4,0.85,25
"X2.24",2,0.75,1,0.85,25
"X3.24",3,0.55,0.7,0.85,25
"X4.24",4,0.33,0.33,0.85,25
"X5.24",5,0.5,1,0.85,25
"X6.24",6,0.4,1,0.85,25
"X7.24",7,0.5,1,0.85,25
"X8.24",8,0.3,0.5,0.85,25
"X9.24",9,0.35,0.5,0.85,25
"X10.24",10,0.25,0.34,0.85,25
"X11.24",11,0.6,0.5,0.85,25
"X12.24",12,0.5,0.5,0.85,25
"X13.24",13,0.8,1,0.85,25
"X14.24",14,0.7,1,0.85,25
"X15.24",15,0.75,1,0.85,25
"X16.24",16,0.4,1,0.85,25
"X1.25",1,0.6,0.8,0.2,26
"X2.25",2,0.3,0.35,0.2,26
"X3.25",3,0.25,0.25,0.2,26
"X4.25",4,0.45,0.6,0.2,26
"X5.25",5,0.85,0.9,0.2,26
"X6.25",6,0.35,0.5,0.2,26
"X7.25",7,0.25,0.25,0.2,26
"X8.25",8,0.7,1,0.2,26
"X9.25",9,0.1,0.25,0.2,26
"X10.25",10,0.15,0.5,0.2,26
"X11.25",11,0.05,0.8,0.2,26
"X12.25",12,0.15,0.8,0.2,26
"X13.25",13,0.8,0.9,0.2,26
"X14.25",14,0.85,1,0.2,26
"X15.25",15,0.9,0.5,0.2,26
"X16.25",16,0.9,0.6,0.2,26
"X1.26",1,0.8,1,0.9,27
"X2.26",2,1,1,0.9,27
"X3.26",3,0.8,1,0.9,27
"X4.26",4,0.25,0.5,0.9,27
"X5.26",5,1,1,0.9,27
"X6.26",6,0.25,0.25,0.9,27
"X7.26",7,0.25,0.25,0.9,27
"X8.26",8,0.25,0.25,0.9,27
"X9.26",9,0.3,0.3,0.9,27
"X10.26",10,0.5,0.5,0.9,27
"X11.26",11,0.5,0.5,0.9,27
"X12.26",12,0.5,0.5,0.9,27
"X13.26",13,0.5,0.5,0.9,27
"X14.26",14,0.25,0.25,0.9,27
"X15.26",15,1,1,0.9,27
"X16.26",16,1,1,0.9,27
"X1.27",1,0.5,0.5,0.5,28
"X2.27",2,0.5,0.5,0.5,28
"X3.27",3,1,1,0.5,28
"X4.27",4,0.25,0.25,0.5,28
"X5.27",5,0.25,0.25,0.5,28
"X6.27",6,0.25,0.25,0.5,28
"X7.27",7,0.25,0.25,0.5,28
"X8.27",8,0.5,1,0.5,28
"X9.27",9,0.5,0.5,0.5,28
"X10.27",10,0.34,0.34,0.5,28
"X11.27",11,0.25,0.25,0.5,28
"X12.27",12,1,1,0.5,28
"X13.27",13,0,0,0.5,28
"X14.27",14,1,1,0.5,28
"X15.27",15,0.5,0.33,0.5,28
"X16.27",16,0.34,0.34,0.5,28
"X1.28",1,0.7,1,0.95,29
"X2.28",2,0.6,1,0.95,29
"X3.28",3,0.25,0.5,0.95,29
"X4.28",4,0.25,1,0.95,29
"X5.28",5,0.25,0.5,0.95,29
"X6.28",6,0.25,0.25,0.95,29
"X7.28",7,0.75,1,0.95,29
"X8.28",8,0.34,0.34,0.95,29
"X9.28",9,0.5,1,0.95,29
"X10.28",10,0.6,1,0.95,29
"X11.28",11,0.5,0.5,0.95,29
"X12.28",12,0.5,0.5,0.95,29
"X13.28",13,0.25,1,0.95,29
"X14.28",14,1,1,0.95,29
"X15.28",15,0.5,1,0.95,29
"X16.28",16,0.25,0.5,0.95,29
"X1.29",1,0.4,0.7,0.95,30
"X2.29",2,0.8,1,0.95,30
"X3.29",3,0.8,1,0.95,30
"X4.29",4,0.7,0.9,0.95,30
"X5.29",5,0.6,0.9,0.95,30
"X6.29",6,0.6,0.8,0.95,30
"X7.29",7,0.25,0.4,0.95,30
"X8.29",8,0.8,1,0.95,30
"X9.29",9,0.3,0.5,0.95,30
"X10.29",10,0.25,0.7,0.95,30
"X11.29",11,0.25,0.9,0.95,30
"X12.29",12,0.25,0.4,0.95,30
"X13.29",13,0.91,1,0.95,30
"X14.29",14,0.9,1,0.95,30
"X15.29",15,0.9,1,0.95,30
"X16.29",16,0.4,0.4,0.95,30
"X1.30",1,0.75,0.75,0.6,31
"X2.30",2,0.25,0.25,0.6,31
"X3.30",3,0.48,0.88,0.6,31
"X4.30",4,0.25,0.25,0.6,31
"X5.30",5,0.4,0.6,0.6,31
"X6.30",6,0.25,0.25,0.6,31
"X7.30",7,0.25,0.5,0.6,31
"X8.30",8,0.4,1,0.6,31
"X9.30",9,0.7,0.25,0.6,31
"X10.30",10,0.25,0.5,0.6,31
"X11.30",11,0.25,0.25,0.6,31
"X12.30",12,0.25,0.55,0.6,31
"X13.30",13,0.8,1,0.6,31
"X14.30",14,0.8,1,0.6,31
"X15.30",15,0.85,0.85,0.6,31
"X16.30",16,0.5,0.25,0.6,31
"X1.31",1,0.25,0.25,0.1,32
"X2.31",2,0.25,0.25,0.1,32
"X3.31",3,0.25,0.25,0.1,32
"X4.31",4,0.25,0.25,0.1,32
"X5.31",5,0.25,0.25,0.1,32
"X6.31",6,0.25,0.25,0.1,32
"X7.31",7,0.25,0.25,0.1,32
"X8.31",8,0.25,0.25,0.1,32
"X9.31",9,0.25,0.25,0.1,32
"X10.31",10,0.25,0.25,0.1,32
"X11.31",11,0.25,0.25,0.1,32
"X12.31",12,0.5,0.25,0.1,32
"X13.31",13,0,0,0.1,32
"X14.31",14,0.5,0.5,0.1,32
"X15.31",15,0.5,0.5,0.1,32
"X16.31",16,0,0,0.1,32
"X1.32",1,0.6,0.75,0.9,33
"X2.32",2,0.9,0.95,0.9,33
"X3.32",3,0.9,0.9,0.9,33
"X4.32",4,0.6,0.7,0.9,33
"X5.32",5,0.4,0.5,0.9,33
"X6.32",6,0.3,0.4,0.9,33
"X7.32",7,0.8,0.9,0.9,33
"X8.32",8,0.4,0.8,0.9,33
"X9.32",9,0.5,0.8,0.9,33
"X10.32",10,0.4,0.5,0.9,33
"X11.32",11,0.3,0.9,0.9,33
"X12.32",12,0.5,0.9,0.9,33
"X13.32",13,0.8,0.9,0.9,33
"X14.32",14,0.8,1,0.9,33
"X15.32",15,0.8,0.9,0.9,33
"X16.32",16,0.4,0.7,0.9,33
"X1.33",1,0.4,0.4,0.95,34
"X2.33",2,0.4,0.55,0.95,34
"X3.33",3,0.3,0.5,0.95,34
"X4.33",4,0.3,0.7,0.95,34
"X5.33",5,0.5,0.75,0.95,34
"X6.33",6,0.7,0.7,0.95,34
"X7.33",7,0.4,0.7,0.95,34
"X8.33",8,0.25,0.5,0.95,34
"X9.33",9,0.3,0.4,0.95,34
"X10.33",10,0.3,0.4,0.95,34
"X11.33",11,0.3,0.6,0.95,34
"X12.33",12,0.6,0.6,0.95,34
"X13.33",13,0.2,0,0.95,34
"X14.33",14,0.7,1,0.95,34
"X15.33",15,0.5,1,0.95,34
"X16.33",16,0.4,0.8,0.95,34
"X1.34",1,0.8,0.9,0.5,35
"X2.34",2,0.7,0.6,0.5,35
"X3.34",3,0.5,0.7,0.5,35
"X4.34",4,0.5,0.6,0.5,35
"X5.34",5,0.7,0.5,0.5,35
"X6.34",6,0.7,0.8,0.5,35
"X7.34",7,0.8,0.7,0.5,35
"X8.34",8,0.9,1,0.5,35
"X9.34",9,0.3,0.3,0.5,35
"X10.34",10,0.25,0.35,0.5,35
"X11.34",11,0.4,0.4,0.5,35
"X12.34",12,0.5,0.5,0.5,35
"X13.34",13,0.4,0.5,0.5,35
"X14.34",14,0.8,0.8,0.5,35
"X15.34",15,0.6,0.7,0.5,35
"X16.34",16,0.7,0.8,0.5,35
"X1.35",1,0.34,1,0.95,36
"X2.35",2,0.25,0.25,0.95,36
"X3.35",3,0.25,0.25,0.95,36
"X4.35",4,0.25,0.25,0.95,36
"X5.35",5,1,1,0.95,36
"X6.35",6,0.25,1,0.95,36
"X7.35",7,0.25,1,0.95,36
"X8.35",8,0.25,0.25,0.95,36
"X9.35",9,0.5,0.5,0.95,36
"X10.35",10,0.25,0.25,0.95,36
"X11.35",11,0.25,0.25,0.95,36
"X12.35",12,0.25,0.25,0.95,36
"X13.35",13,0.25,0.25,0.95,36
"X14.35",14,0.25,1,0.95,36
"X15.35",15,0.25,1,0.95,36
"X16.35",16,0.25,1,0.95,36
"X1.36",1,0.5,0.25,0.5,37
"X2.36",2,0,0,0.5,37
"X3.36",3,0.5,0.5,0.5,37
"X4.36",4,0.34,0.34,0.5,37
"X5.36",5,0.45,0.3,0.5,37
"X6.36",6,0.25,0.25,0.5,37
"X7.36",7,0.3,0.3,0.5,37
"X8.36",8,1,0.96,0.5,37
"X9.36",9,0.5,0.75,0.5,37
"X10.36",10,0.5,0.5,0.5,37
"X11.36",11,0.5,0.5,0.5,37
"X12.36",12,0.34,0.34,0.5,37
"X13.36",13,0.25,0.25,0.5,37
"X14.36",14,1,0.75,0.5,37
"X15.36",15,1,1,0.5,37
"X16.36",16,0.25,0.25,0.5,37
"X1.37",1,0.8,1,0.67,38
"X2.37",2,0.4,0.4,0.67,38
"X3.37",3,0.65,1,0.67,38
"X4.37",4,0.7,1,0.67,38
"X5.37",5,0.4,0.4,0.67,38
"X6.37",6,0.8,1,0.67,38
"X7.37",7,0.7,0.4,0.67,38
"X8.37",8,0.8,0.8,0.67,38
"X9.37",9,0.2,0.6,0.67,38
"X10.37",10,0.3,0.3,0.67,38
"X11.37",11,0.55,0.4,0.67,38
"X12.37",12,0.3,0.3,0.67,38
"X13.37",13,1,1,0.67,38
"X14.37",14,0.6,1,0.67,38
"X15.37",15,1,1,0.67,38
"X16.37",16,0.3,0.4,0.67,38
"X1.38",1,0.6,0.5,0.75,39
"X2.38",2,0.6,0.7,0.75,39
"X3.38",3,0.4,0.4,0.75,39
"X4.38",4,0.5,0.8,0.75,39
"X5.38",5,0.5,0.9,0.75,39
"X6.38",6,0.5,0.8,0.75,39
"X7.38",7,0.8,0.8,0.75,39
"X8.38",8,0.3,0.9,0.75,39
"X9.38",9,0.6,0.8,0.75,39
"X10.38",10,0.6,0.8,0.75,39
"X11.38",11,0.7,0.8,0.75,39
"X12.38",12,0.3,0.5,0.75,39
"X13.38",13,0.7,0.9,0.75,39
"X14.38",14,0.6,0.8,0.75,39
"X15.38",15,0.7,0.9,0.75,39
"X16.38",16,0.7,0.9,0.75,39
"X1.39",1,0.7,0.9,0.5,40
"X2.39",2,0.7,0.85,0.5,40
"X3.39",3,0.7,0.85,0.5,40
"X4.39",4,0.6,0.4,0.5,40
"X5.39",5,0.4,0.4,0.5,40
"X6.39",6,0.4,0.4,0.5,40
"X7.39",7,0.4,0.4,0.5,40
"X8.39",8,0.4,1,0.5,40
"X9.39",9,0.25,0.25,0.5,40
"X10.39",10,0.25,0.25,0.5,40
"X11.39",11,0.3,0.5,0.5,40
"X12.39",12,0.3,0.3,0.5,40
"X13.39",13,0.3,0.35,0.5,40
"X14.39",14,0.7,1,0.5,40
"X15.39",15,0.85,1,0.5,40
"X16.39",16,0.25,0.25,0.5,40
"X1.40",1,0.15,0.15,0.75,41
"X2.40",2,0.75,0.75,0.75,41
"X3.40",3,0.15,0.9,0.75,41
"X4.40",4,0.25,0.25,0.75,41
"X5.40",5,0,0.6,0.75,41
"X6.40",6,0.25,0.25,0.75,41
"X7.40",7,0.25,0.25,0.75,41
"X8.40",8,0.5,0.9,0.75,41
"X9.40",9,0.6,0.9,0.75,41
"X10.40",10,0.25,0.25,0.75,41
"X11.40",11,0.5,0.5,0.75,41
"X12.40",12,0.25,0.25,0.75,41
"X13.40",13,0.5,0.5,0.75,41
"X14.40",14,0.7,1,0.75,41
"X15.40",15,0.4,1,0.75,41
"X16.40",16,0.3,0.5,0.75,41
"X1.41",1,0.5,0.9,0.75,42
"X2.41",2,0.5,0.7,0.75,42
"X3.41",3,0.4,0.5,0.75,42
"X4.41",4,0.4,0.7,0.75,42
"X5.41",5,0.3,0.5,0.75,42
"X6.41",6,0.4,0.6,0.75,42
"X7.41",7,0.4,0.88,0.75,42
"X8.41",8,0.4,0.4,0.75,42
"X9.41",9,0.75,0.9,0.75,42
"X10.41",10,0.25,0.4,0.75,42
"X11.41",11,0.25,0.35,0.75,42
"X12.41",12,0.4,0.35,0.75,42
"X13.41",13,0.5,0.65,0.75,42
"X14.41",14,0.75,1,0.75,42
"X15.41",15,0.9,0.95,0.75,42
"X16.41",16,0.9,1,0.75,42
"X1.42",1,0.8,1,0.75,43
"X2.42",2,0.6,1,0.75,43
"X3.42",3,0.6,1,0.75,43
"X4.42",4,0.5,0.5,0.75,43
"X5.42",5,1,1,0.75,43
"X6.42",6,1,1,0.75,43
"X7.42",7,1,1,0.75,43
"X8.42",8,0.5,0.5,0.75,43
"X9.42",9,0.6,0.7,0.75,43
"X10.42",10,0.7,0.3,0.75,43
"X11.42",11,0.8,0.9,0.75,43
"X12.42",12,0.7,0.7,0.75,43
"X13.42",13,1,1,0.75,43
"X14.42",14,1,1,0.75,43
"X15.42",15,1,1,0.75,43
"X16.42",16,0.25,0.25,0.75,43
"X1.43",1,0.65,1,0.67,44
"X2.43",2,0.6,1,0.67,44
"X3.43",3,0.4,1,0.67,44
"X4.43",4,0.35,0.7,0.67,44
"X5.43",5,0.3,0.45,0.67,44
"X6.43",6,0.25,0.45,0.67,44
"X7.43",7,0.35,0.55,0.67,44
"X8.43",8,0.3,1,0.67,44
"X9.43",9,0.65,0.8,0.67,44
"X10.43",10,0.5,1,0.67,44
"X11.43",11,0.35,0.35,0.67,44
"X12.43",12,0.7,0.55,0.67,44
"X13.43",13,0.5,0.4,0.67,44
"X14.43",14,0.85,1,0.67,44
"X15.43",15,0.8,0.6,0.67,44
"X16.43",16,0.7,0.65,0.67,44
"X1.44",1,0.89,1,0.85,45
"X2.44",2,0.45,0.75,0.85,45
"X3.44",3,0.7,0.9,0.85,45
"X4.44",4,0.76,0.99,0.85,45
"X5.44",5,0.5,0.8,0.85,45
"X6.44",6,0.3,0.75,0.85,45
"X7.44",7,0.45,0.4,0.85,45
"X8.44",8,0.45,0.8,0.85,45
"X9.44",9,0.4,0.65,0.85,45
"X10.44",10,0.4,0.8,0.85,45
"X11.44",11,0.33,0.4,0.85,45
"X12.44",12,0.35,0.5,0.85,45
"X13.44",13,0.53,0.8,0.85,45
"X14.44",14,0.85,1,0.85,45
"X15.44",15,0.85,0.98,0.85,45
"X16.44",16,0.7,0.85,0.85,45
"X1.45",1,1,0.95,0.9,46
"X2.45",2,0.99,1,0.9,46
"X3.45",3,0.75,1,0.9,46
"X4.45",4,0.3,0.9,0.9,46
"X5.45",5,0.75,1,0.9,46
"X6.45",6,0.25,0.5,0.9,46
"X7.45",7,0.5,0.75,0.9,46
"X8.45",8,0.95,1,0.9,46
"X9.45",9,0.6,0.75,0.9,46
"X10.45",10,0.45,0.5,0.9,46
"X11.45",11,0.25,0.5,0.9,46
"X12.45",12,1,1,0.9,46
"X13.45",13,0.8,1,0.9,46
"X14.45",14,0.95,1,0.9,46
"X15.45",15,0.85,1,0.9,46
"X16.45",16,1,1,0.9,46
"X1.46",1,0.4,1,0.85,47
"X2.46",2,0.7,1,0.85,47
"X3.46",3,1,1,0.85,47
"X4.46",4,0.5,0.5,0.85,47
"X5.46",5,0.7,1,0.85,47
"X6.46",6,0.25,1,0.85,47
"X7.46",7,0.4,1,0.85,47
"X8.46",8,0.7,1,0.85,47
"X9.46",9,0.5,0.5,0.85,47
"X10.46",10,0.25,0.25,0.85,47
"X11.46",11,0.25,0.25,0.85,47
"X12.46",12,0.5,0.55,0.85,47
"X13.46",13,0.25,0.25,0.85,47
"X14.46",14,1,1,0.85,47
"X15.46",15,1,1,0.85,47
"X16.46",16,0.7,0.7,0.85,47
"X1.47",1,0.9,1,0.6,48
"X2.47",2,0.7,1,0.6,48
"X3.47",3,0.4,0.6,0.6,48
"X4.47",4,0.25,0.35,0.6,48
"X5.47",5,0.3,0.9,0.6,48
"X6.47",6,0.25,0.2,0.6,48
"X7.47",7,0.25,0.25,0.6,48
"X8.47",8,0.5,0.5,0.6,48
"X9.47",9,0.35,0.35,0.6,48
"X10.47",10,0.4,0.5,0.6,48
"X11.47",11,0.2,0.4,0.6,48
"X12.47",12,0.3,0.6,0.6,48
"X13.47",13,0.25,0.25,0.6,48
"X14.47",14,0.9,1,0.6,48
"X15.47",15,0.9,1,0.6,48
"X16.47",16,0.7,0.9,0.6,48
"X1.48",1,0.35,0.4,0.1,49
"X2.48",2,0.3,0.4,0.1,49
"X3.48",3,0.25,0.35,0.1,49
"X4.48",4,0.25,0.2,0.1,49
"X5.48",5,0.85,0.8,0.1,49
"X6.48",6,0.35,0.25,0.1,49
"X7.48",7,0.3,0.35,0.1,49
"X8.48",8,0.35,0.25,0.1,49
"X9.48",9,0.45,0.35,0.1,49
"X10.48",10,0.35,0.35,0.1,49
"X11.48",11,0.35,0.3,0.1,49
"X12.48",12,0.3,0.3,0.1,49
"X13.48",13,0.25,0.4,0.1,49
"X14.48",14,0.7,0.85,0.1,49
"X15.48",15,0.3,0.35,0.1,49
"X16.48",16,0.35,0.4,0.1,49
"X1.49",1,0.65,1,0.65,50
"X2.49",2,0.98,1,0.65,50
"X3.49",3,0.9,1,0.65,50
"X4.49",4,0.45,0.5,0.65,50
"X5.49",5,0.55,0.9,0.65,50
"X6.49",6,0.25,0.25,0.65,50
"X7.49",7,0.3,0.3,0.65,50
"X8.49",8,0.6,0.9,0.65,50
"X9.49",9,0.32,0.4,0.65,50
"X10.49",10,0.4,0.75,0.65,50
"X11.49",11,0.5,0.5,0.65,50
"X12.49",12,0.25,0.7,0.65,50
"X13.49",13,0.6,0.85,0.65,50
"X14.49",14,0.85,1,0.65,50
"X15.49",15,0.7,0.9,0.65,50
"X16.49",16,0.25,0.4,0.65,50
"X1.50",1,0.33,0.33,0.8,51
"X2.50",2,0.25,0.25,0.8,51
"X3.50",3,0.4,0.45,0.8,51
"X4.50",4,0.85,0.8,0.8,51
"X5.50",5,0.95,1,0.8,51
"X6.50",6,0.25,0.25,0.8,51
"X7.50",7,0.2,1,0.8,51
"X8.50",8,0.3,0.3,0.8,51
"X9.50",9,0.35,0.45,0.8,51
"X10.50",10,0.45,0.5,0.8,51
"X11.50",11,0.45,0.75,0.8,51
"X12.50",12,0.3,0.25,0.8,51
"X13.50",13,0.5,0.7,0.8,51
"X14.50",14,0.97,1,0.8,51
"X15.50",15,0.25,0.35,0.8,51
"X16.50",16,0.9,0.95,0.8,51
"X1.51",1,0.6,0.5,0.75,52
"X2.51",2,0.6,0.6,0.75,52
"X3.51",3,0.4,0.5,0.75,52
"X4.51",4,0.9,0.8,0.75,52
"X5.51",5,1,1,0.75,52
"X6.51",6,0.5,0.7,0.75,52
"X7.51",7,1,1,0.75,52
"X8.51",8,0.5,0.5,0.75,52
"X9.51",9,1,1,0.75,52
"X10.51",10,0.5,0.6,0.75,52
"X11.51",11,0.9,0.8,0.75,52
"X12.51",12,1,1,0.75,52
"X13.51",13,0.5,0.5,0.75,52
"X14.51",14,1,1,0.75,52
"X15.51",15,0.6,0.6,0.75,52
"X16.51",16,1,1,0.75,52
"X1.52",1,0.35,0.5,0.46,53
"X2.52",2,0.2,0.3,0.46,53
"X3.52",3,0.25,0.4,0.46,53
"X4.52",4,0.26,1,0.46,53
"X5.52",5,0.5,0.5,0.46,53
"X6.52",6,0.25,0.42,0.46,53
"X7.52",7,1,1,0.46,53
"X8.52",8,0.25,0.35,0.46,53
"X9.52",9,0.5,0.6,0.46,53
"X10.52",10,0.65,0.7,0.46,53
"X11.52",11,0.25,0.25,0.46,53
"X12.52",12,0.25,0.25,0.46,53
"X13.52",13,0.7,1,0.46,53
"X14.52",14,0.85,1,0.46,53
"X15.52",15,0.8,1,0.46,53
"X16.52",16,0.7,0.4,0.46,53
"X1.53",1,0.5,0.5,0.8,54
"X2.53",2,0.9,0.8,0.8,54
"X3.53",3,0.2,0.3,0.8,54
"X4.53",4,0.4,0.35,0.8,54
"X5.53",5,0.9,0.8,0.8,54
"X6.53",6,0.4,0.4,0.8,54
"X7.53",7,0.85,0.75,0.8,54
"X8.53",8,0.7,0.5,0.8,54
"X9.53",9,0.7,0.6,0.8,54
"X10.53",10,0.7,0.5,0.8,54
"X11.53",11,0.5,0.35,0.8,54
"X12.53",12,0.4,0.4,0.8,54
"X13.53",13,0.85,0.7,0.8,54
"X14.53",14,0.02,1,0.8,54
"X15.53",15,0.8,0.8,0.8,54
"X16.53",16,0.4,0.4,0.8,54
"X1.54",1,0.5,1,0.65,55
"X2.54",2,0.5,1,0.65,55
"X3.54",3,0.3,0.75,0.65,55
"X4.54",4,0.4,1,0.65,55
"X5.54",5,0.7,1,0.65,55
"X6.54",6,0.25,0.25,0.65,55
"X7.54",7,0.25,0.5,0.65,55
"X8.54",8,0.5,1,0.65,55
"X9.54",9,0.5,0.7,0.65,55
"X10.54",10,0.35,0.8,0.65,55
"X11.54",11,0.6,0.5,0.65,55
"X12.54",12,0.8,1,0.65,55
"X13.54",13,1,1,0.65,55
"X14.54",14,0.9,1,0.65,55
"X15.54",15,0.8,1,0.65,55
"X16.54",16,0.25,0.5,0.65,55
"X1.55",1,0.47,0.55,0.9,56
"X2.55",2,0.8,0.95,0.9,56
"X3.55",3,0.79,0.92,0.9,56
"X4.55",4,0.54,0.78,0.9,56
"X5.55",5,0.72,0.8,0.9,56
"X6.55",6,0.2,0.55,0.9,56
"X7.55",7,0.2,0.25,0.9,56
"X8.55",8,0.3,0.65,0.9,56
"X9.55",9,0.7,0.6,0.9,56
"X10.55",10,0.55,0.75,0.9,56
"X11.55",11,0.3,1,0.9,56
"X12.55",12,0.5,0.6,0.9,56
"X13.55",13,0.64,0.8,0.9,56
"X14.55",14,0.85,1,0.9,56
"X15.55",15,0.7,0.85,0.9,56
"X16.55",16,0.4,0.75,0.9,56
"X1.56",1,0.35,0.35,0.4,57
"X2.56",2,0.5,0.8,0.4,57
"X3.56",3,0.3,0.3,0.4,57
"X4.56",4,0.5,0.85,0.4,57
"X5.56",5,0.85,0.9,0.4,57
"X6.56",6,0.7,0.2,0.4,57
"X7.56",7,0.4,0.4,0.4,57
"X8.56",8,0.4,0.4,0.4,57
"X9.56",9,0.4,0.3,0.4,57
"X10.56",10,0.55,0.45,0.4,57
"X11.56",11,0.55,0.55,0.4,57
"X12.56",12,0.55,0.25,0.4,57
"X13.56",13,0.25,0.35,0.4,57
"X14.56",14,0.25,0.25,0.4,57
"X15.56",15,0.35,0.35,0.4,57
"X16.56",16,0.35,0.35,0.4,57
"X1.57",1,0.33,0.45,0.35,58
"X2.57",2,0.5,0.6,0.35,58
"X3.57",3,0.25,0.25,0.35,58
"X4.57",4,0.4,0.4,0.35,58
"X5.57",5,0.25,0.6,0.35,58
"X6.57",6,0.25,0.25,0.35,58
"X7.57",7,0.4,0.4,0.35,58
"X8.57",8,0.25,0.5,0.35,58
"X9.57",9,0.25,0.4,0.35,58
"X10.57",10,0.25,0.25,0.35,58
"X11.57",11,0.5,0.6,0.35,58
"X12.57",12,0.25,0.4,0.35,58
"X13.57",13,0.5,0.7,0.35,58
"X14.57",14,0.8,1,0.35,58
"X15.57",15,0.5,0.6,0.35,58
"X16.57",16,0.25,0.25,0.35,58
"X1.58",1,0.25,0.25,0.25,59
"X2.58",2,0.8,1,0.25,59
"X3.58",3,0.5,0.25,0.25,59
"X4.58",4,0.8,0.25,0.25,59
"X5.58",5,0.75,0.25,0.25,59
"X6.58",6,0.4,0.25,0.25,59
"X7.58",7,0.7,0.25,0.25,59
"X8.58",8,1,1,0.25,59
"X9.58",9,0.9,1,0.25,59
"X10.58",10,0.7,0.25,0.25,59
"X11.58",11,1,1,0.25,59
"X12.58",12,0.25,0.25,0.25,59
"X13.58",13,0.25,0.25,0.25,59
"X14.58",14,0.5,0.25,0.25,59
"X15.58",15,1,0.25,0.25,59
"X16.58",16,0.7,0.25,0.25,59
"X1.59",1,0.25,0.5,0.7,60
"X2.59",2,0.25,0.5,0.7,60
"X3.59",3,0.7,0.5,0.7,60
"X4.59",4,0.5,0.4,0.7,60
"X5.59",5,0.4,0.6,0.7,60
"X6.59",6,0.4,0.5,0.7,60
"X7.59",7,0.25,0.4,0.7,60
"X8.59",8,0.5,0.6,0.7,60
"X9.59",9,0.5,1,0.7,60
"X10.59",10,0.5,0.95,0.7,60
"X11.59",11,0.5,0.5,0.7,60
"X12.59",12,0.5,0.6,0.7,60
"X13.59",13,0.5,1,0.7,60
"X14.59",14,1,1,0.7,60
"X15.59",15,0.5,1,0.7,60
"X16.59",16,1,1,0.7,60
"X1.60",1,0.2,0.4,0.7,61
"X2.60",2,0.25,0.5,0.7,61
"X3.60",3,0.5,1,0.7,61
"X4.60",4,0.5,1,0.7,61
"X5.60",5,0.13,0.75,0.7,61
"X6.60",6,0.2,0.5,0.7,61
"X7.60",7,0.2,1,0.7,61
"X8.60",8,0.4,1,0.7,61
"X9.60",9,0.7,1,0.7,61
"X10.60",10,0.6,1,0.7,61
"X11.60",11,0.25,1,0.7,61
"X12.60",12,0.5,1,0.7,61
"X13.60",13,1,1,0.7,61
"X14.60",14,1,1,0.7,61
"X15.60",15,0.7,1,0.7,61
"X16.60",16,0.5,1,0.7,61
"X1.61",1,0.3,0.4,0.8,62
"X2.61",2,0.4,1,0.8,62
"X3.61",3,0.4,1,0.8,62
"X4.61",4,0.6,1,0.8,62
"X5.61",5,0.1,1,0.8,62
"X6.61",6,0.35,0.5,0.8,62
"X7.61",7,0.1,1,0.8,62
"X8.61",8,0.6,1,0.8,62
"X9.61",9,0.7,0.7,0.8,62
"X10.61",10,0.8,1,0.8,62
"X11.61",11,0.6,0.8,0.8,62
"X12.61",12,0.7,0.9,0.8,62
"X13.61",13,1,1,0.8,62
"X14.61",14,1,1,0.8,62
"X15.61",15,1,1,0.8,62
"X16.61",16,0.5,1,0.8,62
"X1.62",1,0.3,1,0.5,63
"X2.62",2,0.6,1,0.5,63
"X3.62",3,1,1,0.5,63
"X4.62",4,1,1,0.5,63
"X5.62",5,0.8,1,0.5,63
"X6.62",6,0.2,1,0.5,63
"X7.62",7,0.25,1,0.5,63
"X8.62",8,0,1,0.5,63
"X9.62",9,0,0,0.5,63
"X10.62",10,0.5,1,0.5,63
"X11.62",11,0,1,0.5,63
"X12.62",12,0,1,0.5,63
"X13.62",13,0.25,0.25,0.5,63
"X14.62",14,1,1,0.5,63
"X15.62",15,1,1,0.5,63
"X16.62",16,0,0,0.5,63
"X1.63",1,0.5,0.2,0.05,64
"X2.63",2,0.7,0.6,0.05,64
"X3.63",3,0.6,0.4,0.05,64
"X4.63",4,0.9,0.8,0.05,64
"X5.63",5,0.8,1,0.05,64
"X6.63",6,0.6,0.7,0.05,64
"X7.63",7,0.3,0.3,0.05,64
"X8.63",8,0.1,0.4,0.05,64
"X9.63",9,0.1,0.4,0.05,64
"X10.63",10,0.3,0.3,0.05,64
"X11.63",11,0.3,0.4,0.05,64
"X12.63",12,0.2,0.2,0.05,64
"X13.63",13,0.5,0.7,0.05,64
"X14.63",14,0.2,0.5,0.05,64
"X15.63",15,0.3,0.4,0.05,64
"X16.63",16,0.5,0.5,0.05,64
"X1.64",1,0.2,0.5,0.7,65
"X2.64",2,0.85,0.9,0.7,65
"X3.64",3,0.4,0.5,0.7,65
"X4.64",4,0.6,0.7,0.7,65
"X5.64",5,0.4,0.46,0.7,65
"X6.64",6,0.25,0.3,0.7,65
"X7.64",7,0.4,0.6,0.7,65
"X8.64",8,0.85,0.9,0.7,65
"X9.64",9,0.33,0.33,0.7,65
"X10.64",10,0.5,0.5,0.7,65
"X11.64",11,0.5,0.66,0.7,65
"X12.64",12,0.25,0.25,0.7,65
"X13.64",13,0.35,0.6,0.7,65
"X14.64",14,0.05,0,0.7,65
"X15.64",15,0.95,1,0.7,65
"X16.64",16,0.8,1,0.7,65
"X1.65",1,0.75,1,0.5,66
"X2.65",2,0.5,0.5,0.5,66
"X3.65",3,0.5,1,0.5,66
"X4.65",4,0.8,0.9,0.5,66
"X5.65",5,1,0.5,0.5,66
"X6.65",6,0.25,0.25,0.5,66
"X7.65",7,0.25,0.25,0.5,66
"X8.65",8,0.4,1,0.5,66
"X9.65",9,0.25,0.9,0.5,66
"X10.65",10,0.5,0.7,0.5,66
"X11.65",11,0.4,0.5,0.5,66
"X12.65",12,0.4,0.5,0.5,66
"X13.65",13,0.75,0.5,0.5,66
"X14.65",14,1,1,0.5,66
"X15.65",15,1,1,0.5,66
"X16.65",16,0.7,0.9,0.5,66
"X1.66",1,0.8,0.8,0.5,67
"X2.66",2,1,1,0.5,67
"X3.66",3,0.7,0.7,0.5,67
"X4.66",4,1,1,0.5,67
"X5.66",5,1,1,0.5,67
"X6.66",6,0.8,1,0.5,67
"X7.66",7,0.8,1,0.5,67
"X8.66",8,0.5,0.8,0.5,67
"X9.66",9,0.8,0.8,0.5,67
"X10.66",10,0.2,0.5,0.5,67
"X11.66",11,0.25,0.25,0.5,67
"X12.66",12,0.5,0.5,0.5,67
"X13.66",13,1,1,0.5,67
"X14.66",14,1,1,0.5,67
"X15.66",15,1,1,0.5,67
"X16.66",16,1,1,0.5,67
"X1.67",1,0.5,0.6,0.05,68
"X2.67",2,0.5,0.6,0.05,68
"X3.67",3,0.6,0.6,0.05,68
"X4.67",4,0.5,0.7,0.05,68
"X5.67",5,0.94,1,0.05,68
"X6.67",6,0.4,0.4,0.05,68
"X7.67",7,0.4,0.7,0.05,68
"X8.67",8,0.5,0.6,0.05,68
"X9.67",9,0.5,0.5,0.05,68
"X10.67",10,0.5,0.5,0.05,68
"X11.67",11,0.4,0.5,0.05,68
"X12.67",12,0.5,0.4,0.05,68
"X13.67",13,1,1,0.05,68
"X14.67",14,0.5,0.95,0.05,68
"X15.67",15,1,1,0.05,68
"X16.67",16,0.7,0.9,0.05,68
"X1.68",1,0.5,1,0.9,69
"X2.68",2,0.5,1,0.9,69
"X3.68",3,0.4,1,0.9,69
"X4.68",4,0.4,0.5,0.9,69
"X5.68",5,0.3,0.3,0.9,69
"X6.68",6,0.25,0.4,0.9,69
"X7.68",7,0.55,0.7,0.9,69
"X8.68",8,0.7,1,0.9,69
"X9.68",9,0.7,0.7,0.9,69
"X10.68",10,0.6,0.9,0.9,69
"X11.68",11,0.4,0.5,0.9,69
"X12.68",12,0.5,0.8,0.9,69
"X13.68",13,0.8,1,0.9,69
"X14.68",14,0.75,1,0.9,69
"X15.68",15,0.6,1,0.9,69
"X16.68",16,0.7,1,0.9,69
"X1.69",1,0.45,0.85,0.65,70
"X2.69",2,0.7,1,0.65,70
"X3.69",3,0.3,0.8,0.65,70
"X4.69",4,0.3,0.6,0.65,70
"X5.69",5,0.2,0.6,0.65,70
"X6.69",6,0.25,0.4,0.65,70
"X7.69",7,0.2,0.25,0.65,70
"X8.69",8,0.25,0.4,0.65,70
"X9.69",9,0.3,0.4,0.65,70
"X10.69",10,0.3,0.4,0.65,70
"X11.69",11,0.15,0.35,0.65,70
"X12.69",12,0.45,0.35,0.65,70
"X13.69",13,0.25,0.25,0.65,70
"X14.69",14,0.75,1,0.65,70
"X15.69",15,0.85,0.85,0.65,70
"X16.69",16,0.75,0.8,0.65,70
"X1.70",1,0.5,1,0.75,71
"X2.70",2,0.75,1,0.75,71
"X3.70",3,0.9,0.95,0.75,71
"X4.70",4,0.5,1,0.75,71
"X5.70",5,0.3,0.5,0.75,71
"X6.70",6,0.5,0.75,0.75,71
"X7.70",7,0.25,0.25,0.75,71
"X8.70",8,0.5,1,0.75,71
"X9.70",9,0.25,0.33,0.75,71
"X10.70",10,0.5,0.8,0.75,71
"X11.70",11,0.5,0.5,0.75,71
"X12.70",12,0.75,0.8,0.75,71
"X13.70",13,0.85,1,0.75,71
"X14.70",14,0.95,1,0.75,71
"X15.70",15,0.95,1,0.75,71
"X16.70",16,0.5,0.75,0.75,71
"X1.71",1,0.25,1,0.75,72
"X2.71",2,1,1,0.75,72
"X3.71",3,1,0,0.75,72
"X4.71",4,0.25,1,0.75,72
"X5.71",5,0.25,0.5,0.75,72
"X6.71",6,0,0,0.75,72
"X7.71",7,1,1,0.75,72
"X8.71",8,1,1,0.75,72
"X9.71",9,1,1,0.75,72
"X10.71",10,0.5,0.5,0.75,72
"X11.71",11,1,1,0.75,72
"X12.71",12,1,1,0.75,72
"X13.71",13,1,1,0.75,72
"X14.71",14,1,1,0.75,72
"X15.71",15,1,1,0.75,72
"X16.71",16,0,0,0.75,72
"X1.72",1,0.45,0.35,0.45,73
"X2.72",2,0.6,0.95,0.45,73
"X3.72",3,0.45,0.45,0.45,73
"X4.72",4,0.5,0.5,0.45,73
"X5.72",5,0.55,0.65,0.45,73
"X6.72",6,0.25,0.7,0.45,73
"X7.72",7,0.4,0.65,0.45,73
"X8.72",8,0.7,1,0.45,73
"X9.72",9,0.4,0.33,0.45,73
"X10.72",10,0.4,0.5,0.45,73
"X11.72",11,0.4,0.5,0.45,73
"X12.72",12,0.3,0.44,0.45,73
"X13.72",13,0.8,0.7,0.45,73
"X14.72",14,0.85,1,0.45,73
"X15.72",15,0.88,0.33,0.45,73
"X16.72",16,0.6,0.48,0.45,73
"X1.73",1,0.8,1,0.75,74
"X2.73",2,0.55,0.9,0.75,74
"X3.73",3,0.75,0.95,0.75,74
"X4.73",4,0.8,1,0.75,74
"X5.73",5,0.5,0.9,0.75,74
"X6.73",6,0.6,0.75,0.75,74
"X7.73",7,0.7,0.6,0.75,74
"X8.73",8,0.7,1,0.75,74
"X9.73",9,0.3,0.8,0.75,74
"X10.73",10,0.4,0.6,0.75,74
"X11.73",11,0.2,0.9,0.75,74
"X12.73",12,0.6,0.8,0.75,74
"X13.73",13,0.9,1,0.75,74
"X14.73",14,0.9,1,0.75,74
"X15.73",15,0.9,1,0.75,74
"X16.73",16,0.9,1,0.75,74
"X1.74",1,0.8,1,0.85,75
"X2.74",2,0.8,1,0.85,75
"X3.74",3,0.75,1,0.85,75
"X4.74",4,0.9,1,0.85,75
"X5.74",5,0.3,1,0.85,75
"X6.74",6,0.8,0.8,0.85,75
"X7.74",7,0.6,1,0.85,75
"X8.74",8,0.7,1,0.85,75
"X9.74",9,0.6,1,0.85,75
"X10.74",10,0.5,0.6,0.85,75
"X11.74",11,0.8,0.9,0.85,75
"X12.74",12,0.8,1,0.85,75
"X13.74",13,0.25,0.4,0.85,75
"X14.74",14,0.9,1,0.85,75
"X15.74",15,0.8,0.9,0.85,75
"X16.74",16,0.5,1,0.85,75
"X1.75",1,0.9,1,0.8,76
"X2.75",2,0.8,1,0.8,76
"X3.75",3,0.45,0.6,0.8,76
"X4.75",4,0.35,1,0.8,76
"X5.75",5,0.77,0.94,0.8,76
"X6.75",6,0.36,1,0.8,76
"X7.75",7,0.85,1,0.8,76
"X8.75",8,0.48,0.55,0.8,76
"X9.75",9,0.65,0.93,0.8,76
"X10.75",10,0.55,0.65,0.8,76
"X11.75",11,0.35,0.45,0.8,76
"X12.75",12,0.41,0.64,0.8,76
"X13.75",13,0.65,0.84,0.8,76
"X14.75",14,0.94,1,0.8,76
"X15.75",15,0.74,0.95,0.8,76
"X16.75",16,0.22,0.4,0.8,76
"X1.76",1,0.6,0.6,0.75,77
"X2.76",2,0.25,0.25,0.75,77
"X3.76",3,0.3,0.45,0.75,77
"X4.76",4,0.25,0.25,0.75,77
"X5.76",5,0.55,0.7,0.75,77
"X6.76",6,0.25,0.4,0.75,77
"X7.76",7,0.7,0.83,0.75,77
"X8.76",8,0.75,0.85,0.75,77
"X9.76",9,0.65,0.7,0.75,77
"X10.76",10,0.7,0.8,0.75,77
"X11.76",11,0.3,0.35,0.75,77
"X12.76",12,0.4,0.5,0.75,77
"X13.76",13,0.45,0.5,0.75,77
"X14.76",14,0.7,1,0.75,77
"X15.76",15,0.7,1,0.75,77
"X16.76",16,0.8,1,0.75,77
"X1.77",1,0.25,0.25,0.25,78
"X2.77",2,0.25,0.25,0.25,78
"X3.77",3,0.25,0.25,0.25,78
"X4.77",4,0.25,0.25,0.25,78
"X5.77",5,0.25,0.25,0.25,78
"X6.77",6,0.25,0.25,0.25,78
"X7.77",7,0.25,0.25,0.25,78
"X8.77",8,0.25,0.25,0.25,78
"X9.77",9,0.25,0.25,0.25,78
"X10.77",10,0.25,0.25,0.25,78
"X11.77",11,0.25,0.25,0.25,78
"X12.77",12,0.25,0.3,0.25,78
"X13.77",13,0.25,0.25,0.25,78
"X14.77",14,0.25,0.25,0.25,78
"X15.77",15,0.25,0.25,0.25,78
"X16.77",16,0.5,0.5,0.25,78
"X1.78",1,0,0,0.7,79
"X2.78",2,1,1,0.7,79
"X3.78",3,0.6,0.8,0.7,79
"X4.78",4,0.25,0.25,0.7,79
"X5.78",5,0.5,1,0.7,79
"X6.78",6,0.5,1,0.7,79
"X7.78",7,0.25,0.25,0.7,79
"X8.78",8,0.9,1,0.7,79
"X9.78",9,0.4,0.9,0.7,79
"X10.78",10,0.15,0.15,0.7,79
"X11.78",11,0.5,0.5,0.7,79
"X12.78",12,1,1,0.7,79
"X13.78",13,1,1,0.7,79
"X14.78",14,1,1,0.7,79
"X15.78",15,1,1,0.7,79
"X16.78",16,1,1,0.7,79
"X1.79",1,0.4,0.6,0.65,80
"X2.79",2,0.1,0.1,0.65,80
"X3.79",3,0.5,0.6,0.65,80
"X4.79",4,0.7,0.6,0.65,80
"X5.79",5,0.6,0.7,0.65,80
"X6.79",6,0.4,0.5,0.65,80
"X7.79",7,0.5,0.4,0.65,80
"X8.79",8,0.6,0.5,0.65,80
"X9.79",9,0.7,0.75,0.65,80
"X10.79",10,0.75,0.6,0.65,80
"X11.79",11,0.6,0.45,0.65,80
"X12.79",12,0.7,0.6,0.65,80
"X13.79",13,0.5,0.2,0.65,80
"X14.79",14,0.2,0.1,0.65,80
"X15.79",15,0.6,0.7,0.65,80
"X16.79",16,0.6,0.7,0.65,80
"X1.80",1,0.9,1,0.95,81
"X2.80",2,0,0,0.95,81
"X3.80",3,0.5,0.5,0.95,81
"X4.80",4,0.7,0.9,0.95,81
"X5.80",5,0.6,0.35,0.95,81
"X6.80",6,0.4,0.25,0.95,81
"X7.80",7,0.5,0.9,0.95,81
"X8.80",8,0.9,1,0.95,81
"X9.80",9,1,1,0.95,81
"X10.80",10,0.4,0.4,0.95,81
"X11.80",11,0.5,0.5,0.95,81
"X12.80",12,1,1,0.95,81
"X13.80",13,0.9,1,0.95,81
"X14.80",14,1,1,0.95,81
"X15.80",15,1,1,0.95,81
"X16.80",16,0.5,0.9,0.95,81
"X1.81",1,0.95,0.7,0.25,82
"X2.81",2,0.3,0.25,0.25,82
"X3.81",3,0.4,0.25,0.25,82
"X4.81",4,0.25,0.8,0.25,82
"X5.81",5,0.25,1,0.25,82
"X6.81",6,0.45,0.25,0.25,82
"X7.81",7,0.3,0.25,0.25,82
"X8.81",8,0.45,0.75,0.25,82
"X9.81",9,0.25,0.25,0.25,82
"X10.81",10,0.4,0.25,0.25,82
"X11.81",11,0.1,0.25,0.25,82
"X12.81",12,0.25,0.25,0.25,82
"X13.81",13,0.85,0.9,0.25,82
"X14.81",14,0.25,1,0.25,82
"X15.81",15,0.4,0.9,0.25,82
"X16.81",16,0.75,1,0.25,82
"X1.82",1,0.2,0.4,0.6,83
"X2.82",2,0.4,0.7,0.6,83
"X3.82",3,0.7,0.8,0.6,83
"X4.82",4,0.4,0.7,0.6,83
"X5.82",5,0.6,0.7,0.6,83
"X6.82",6,0.7,0.8,0.6,83
"X7.82",7,0.8,0.9,0.6,83
"X8.82",8,0.5,0.6,0.6,83
"X9.82",9,0.7,0.5,0.6,83
"X10.82",10,0.6,0.7,0.6,83
"X11.82",11,0.3,0.6,0.6,83
"X12.82",12,0.4,0.6,0.6,83
"X13.82",13,0.9,0.8,0.6,83
"X14.82",14,0.8,1,0.6,83
"X15.82",15,0.7,0.6,0.6,83
"X16.82",16,0.6,0.5,0.6,83
"X1.83",1,0.5,0.5,0.5,84
"X2.83",2,0.5,0.5,0.5,84
"X3.83",3,1,1,0.5,84
"X4.83",4,1,1,0.5,84
"X5.83",5,1,1,0.5,84
"X6.83",6,0.25,0.5,0.5,84
"X7.83",7,1,1,0.5,84
"X8.83",8,1,1,0.5,84
"X9.83",9,0.5,0.5,0.5,84
"X10.83",10,0.5,0.5,0.5,84
"X11.83",11,0.5,0.5,0.5,84
"X12.83",12,1,1,0.5,84
"X13.83",13,0.25,0.25,0.5,84
"X14.83",14,1,1,0.5,84
"X15.83",15,1,1,0.5,84
"X16.83",16,1,1,0.5,84
"X1.84",1,0.25,0.25,0.25,85
"X2.84",2,0.25,0.25,0.25,85
"X3.84",3,0.25,0.25,0.25,85
"X4.84",4,0.35,0.25,0.25,85
"X5.84",5,0.5,0.25,0.25,85
"X6.84",6,1,1,0.25,85
"X7.84",7,0.9,0.9,0.25,85
"X8.84",8,0.25,0.25,0.25,85
"X9.84",9,0.5,0.5,0.25,85
"X10.84",10,0.25,0.25,0.25,85
"X11.84",11,0.25,0.25,0.25,85
"X12.84",12,0.25,0.25,0.25,85
"X13.84",13,0.25,0.25,0.25,85
"X14.84",14,0.25,0.25,0.25,85
"X15.84",15,0.59,0.5,0.25,85
"X16.84",16,0.25,0.25,0.25,85
"X1.85",1,0.5,0.5,0.25,86
"X2.85",2,0.75,1,0.25,86
"X3.85",3,0.4,0.5,0.25,86
"X4.85",4,0.25,0.5,0.25,86
"X5.85",5,0.25,1,0.25,86
"X6.85",6,0.25,0.25,0.25,86
"X7.85",7,0.25,0.25,0.25,86
"X8.85",8,0.35,0.5,0.25,86
"X9.85",9,0.25,0.5,0.25,86
"X10.85",10,0.3,0.25,0.25,86
"X11.85",11,0.25,0.35,0.25,86
"X12.85",12,0.5,0.5,0.25,86
"X13.85",13,0.25,0.25,0.25,86
"X14.85",14,0.5,1,0.25,86
"X15.85",15,1,0.25,0.25,86
"X16.85",16,1,1,0.25,86
"X1.86",1,0.85,0.9,0.9,87
"X2.86",2,0.94,0.94,0.9,87
"X3.86",3,0.94,0.93,0.9,87
"X4.86",4,0.85,0.94,0.9,87
"X5.86",5,0.9,0.97,0.9,87
"X6.86",6,0.6,0.7,0.9,87
"X7.86",7,0.7,0.8,0.9,87
"X8.86",8,0.83,0.9,0.9,87
"X9.86",9,0.5,0.7,0.9,87
"X10.86",10,0.7,0.8,0.9,87
"X11.86",11,0.3,0.5,0.9,87
"X12.86",12,0.7,0.8,0.9,87
"X13.86",13,0.3,0.5,0.9,87
"X14.86",14,0.8,0.98,0.9,87
"X15.86",15,0.8,0.9,0.9,87
"X16.86",16,0.8,0.9,0.9,87
"X1.87",1,0.5,0.6,0.75,88
"X2.87",2,0.4,0.5,0.75,88
"X3.87",3,0.1,0.5,0.75,88
"X4.87",4,0,0,0.75,88
"X5.87",5,0.6,0.6,0.75,88
"X6.87",6,0.55,0.5,0.75,88
"X7.87",7,0.5,0.6,0.75,88
"X8.87",8,0.5,0.6,0.75,88
"X9.87",9,0.4,0.5,0.75,88
"X10.87",10,0.4,0.5,0.75,88
"X11.87",11,0.4,0.3,0.75,88
"X12.87",12,0.45,0.45,0.75,88
"X13.87",13,0.25,0.4,0.75,88
"X14.87",14,0.75,1,0.75,88
"X15.87",15,0.6,1,0.75,88
"X16.87",16,0.25,0.4,0.75,88
"X1.88",1,0.25,1,0.8,89
"X2.88",2,0.25,1,0.8,89
"X3.88",3,0.25,1,0.8,89
"X4.88",4,0.5,1,0.8,89
"X5.88",5,0.5,1,0.8,89
"X6.88",6,0.5,1,0.8,89
"X7.88",7,0.75,1,0.8,89
"X8.88",8,0.6,1,0.8,89
"X9.88",9,0.33,0.5,0.8,89
"X10.88",10,0.5,1,0.8,89
"X11.88",11,0.2,0.5,0.8,89
"X12.88",12,0.75,1,0.8,89
"X13.88",13,0.5,1,0.8,89
"X14.88",14,1,1,0.8,89
"X15.88",15,0.5,1,0.8,89
"X16.88",16,0.75,1,0.8,89
"X1.89",1,0.85,1,0.9,90
"X2.89",2,0.8,1,0.9,90
"X3.89",3,0.7,1,0.9,90
"X4.89",4,0.75,0.9,0.9,90
"X5.89",5,0.6,1,0.9,90
"X6.89",6,0.5,0.7,0.9,90
"X7.89",7,0.7,1,0.9,90
"X8.89",8,0.5,1,0.9,90
"X9.89",9,0.5,0.6,0.9,90
"X10.89",10,0.5,0.8,0.9,90
"X11.89",11,0.3,0.9,0.9,90
"X12.89",12,0.7,0.8,0.9,90
"X13.89",13,0.91,1,0.9,90
"X14.89",14,0.97,1,0.9,90
"X15.89",15,0.95,1,0.9,90
"X16.89",16,0.65,1,0.9,90
"X1.90",1,0.8,0.6,0.5,91
"X2.90",2,0,0,0.5,91
"X3.90",3,0.9,0.8,0.5,91
"X4.90",4,1,1,0.5,91
"X5.90",5,0.6,0.8,0.5,91
"X6.90",6,0.5,0.7,0.5,91
"X7.90",7,0.3,0.4,0.5,91
"X8.90",8,0.9,0.8,0.5,91
"X9.90",9,0.9,0.6,0.5,91
"X10.90",10,0.7,0.6,0.5,91
"X11.90",11,0,0.5,0.5,91
"X12.90",12,0.5,0.6,0.5,91
"X13.90",13,0.4,0.6,0.5,91
"X14.90",14,1,1,0.5,91
"X15.90",15,0.4,0.4,0.5,91
"X16.90",16,1,0.9,0.5,91
"X1.91",1,0.75,0.75,0.75,92
"X2.91",2,0.75,0.75,0.75,92
"X3.91",3,0.9,1,0.75,92
"X4.91",4,1,1,0.75,92
"X5.91",5,0.75,1,0.75,92
"X6.91",6,0.5,0.5,0.75,92
"X7.91",7,0.25,0.75,0.75,92
"X8.91",8,0.75,0.75,0.75,92
"X9.91",9,0.5,0.5,0.75,92
"X10.91",10,0.75,1,0.75,92
"X11.91",11,0.25,0.5,0.75,92
"X12.91",12,0.5,0.75,0.75,92
"X13.91",13,0.25,0.5,0.75,92
"X14.91",14,1,1,0.75,92
"X15.91",15,0.5,0.5,0.75,92
"X16.91",16,0.75,0.75,0.75,92
"X1.92",1,0.8,1,0.85,93
"X2.92",2,0.6,1,0.85,93
"X3.92",3,0.7,1,0.85,93
"X4.92",4,0.45,1,0.85,93
"X5.92",5,0.45,1,0.85,93
"X6.92",6,0.4,0.8,0.85,93
"X7.92",7,0.3,0.6,0.85,93
"X8.92",8,0.55,1,0.85,93
"X9.92",9,0.4,1,0.85,93
"X10.92",10,0.3,0.5,0.85,93
"X11.92",11,0.7,0.9,0.85,93
"X12.92",12,0.55,0.8,0.85,93
"X13.92",13,0.25,0.4,0.85,93
"X14.92",14,0.8,1,0.85,93
"X15.92",15,0.7,0.8,0.85,93
"X16.92",16,0.25,0.7,0.85,93
"X1.93",1,0.25,0.6,0.8,94
"X2.93",2,0.7,1,0.8,94
"X3.93",3,0.9,1,0.8,94
"X4.93",4,0.38,0.5,0.8,94
"X5.93",5,0.8,1,0.8,94
"X6.93",6,0.35,0.6,0.8,94
"X7.93",7,0.3,0.4,0.8,94
"X8.93",8,0.75,1,0.8,94
"X9.93",9,0.5,1,0.8,94
"X10.93",10,0.45,1,0.8,94
"X11.93",11,0.3,1,0.8,94
"X12.93",12,0.3,0.6,0.8,94
"X13.93",13,0.9,1,0.8,94
"X14.93",14,0.9,1,0.8,94
"X15.93",15,0.9,1,0.8,94
"X16.93",16,0.3,1,0.8,94
"X1.94",1,0.3,0.4,0.5,95
"X2.94",2,0.75,0.85,0.5,95
"X3.94",3,0.25,0.45,0.5,95
"X4.94",4,0.25,0.25,0.5,95
"X5.94",5,0.35,0.35,0.5,95
"X6.94",6,0.25,0.25,0.5,95
"X7.94",7,0.3,0.3,0.5,95
"X8.94",8,0.5,0.45,0.5,95
"X9.94",9,0.4,0.45,0.5,95
"X10.94",10,0.25,0.25,0.5,95
"X11.94",11,0.2,0.4,0.5,95
"X12.94",12,0.5,0.5,0.5,95
"X13.94",13,0.25,0.25,0.5,95
"X14.94",14,0.9,1,0.5,95
"X15.94",15,0.8,0.75,0.5,95
"X16.94",16,0.75,0.8,0.5,95
"X1.95",1,0.6,1,0.9,96
"X2.95",2,0.75,1,0.9,96
"X3.95",3,0.6,1,0.9,96
"X4.95",4,0.65,1,0.9,96
"X5.95",5,0.5,0.95,0.9,96
"X6.95",6,0.6,0.75,0.9,96
"X7.95",7,0.9,1,0.9,96
"X8.95",8,0.6,1,0.9,96
"X9.95",9,0.3,0.95,0.9,96
"X10.95",10,0.75,1,0.9,96
"X11.95",11,0.5,1,0.9,96
"X12.95",12,0.5,0.8,0.9,96
"X13.95",13,1,1,0.9,96
"X14.95",14,0.95,1,0.9,96
"X15.95",15,0.7,1,0.9,96
"X16.95",16,0.5,1,0.9,96
"X1.96",1,0.75,0.5,0.5,97
"X2.96",2,0.75,1,0.5,97
"X3.96",3,1,1,0.5,97
"X4.96",4,0.5,0.75,0.5,97
"X5.96",5,0.25,0.5,0.5,97
"X6.96",6,0.5,0.75,0.5,97
"X7.96",7,0.5,1,0.5,97
"X8.96",8,0.75,1,0.5,97
"X9.96",9,0.5,0.75,0.5,97
"X10.96",10,0.25,0.5,0.5,97
"X11.96",11,0.25,0.5,0.5,97
"X12.96",12,0.5,0.75,0.5,97
"X13.96",13,1,1,0.5,97
"X14.96",14,0.75,1,0.5,97
"X15.96",15,0.25,1,0.5,97
"X16.96",16,0.5,0.5,0.5,97
"X1.97",1,0.5,0.6,0.5,98
"X2.97",2,0.5,0.7,0.5,98
"X3.97",3,0.5,0.6,0.5,98
"X4.97",4,0.6,0.7,0.5,98
"X5.97",5,0.7,0.75,0.5,98
"X6.97",6,0.5,0.6,0.5,98
"X7.97",7,0.5,0.5,0.5,98
"X8.97",8,0.6,1,0.5,98
"X9.97",9,0.7,1,0.5,98
"X10.97",10,0.75,0.9,0.5,98
"X11.97",11,0.5,0.6,0.5,98
"X12.97",12,0.2,0.6,0.5,98
"X13.97",13,0.6,0.6,0.5,98
"X14.97",14,0.6,1,0.5,98
"X15.97",15,0.6,0.7,0.5,98
"X16.97",16,0.7,1,0.5,98
"X1.98",1,0.25,0.75,0.25,99
"X2.98",2,0.5,1,0.25,99
"X3.98",3,1,1,0.25,99
"X4.98",4,1,1,0.25,99
"X5.98",5,1,1,0.25,99
"X6.98",6,1,1,0.25,99
"X7.98",7,0.25,0.5,0.25,99
"X8.98",8,1,1,0.25,99
"X9.98",9,1,1,0.25,99
"X10.98",10,0.5,0.5,0.25,99
"X11.98",11,1,1,0.25,99
"X12.98",12,1,1,0.25,99
"X13.98",13,1,1,0.25,99
"X14.98",14,0.5,0.5,0.25,99
"X15.98",15,1,0.25,0.25,99
"X16.98",16,1,1,0.25,99
"X1.99",1,1,1,0.65,100
"X2.99",2,1,1,0.65,100
"X3.99",3,1,1,0.65,100
"X4.99",4,0.4,0.7,0.65,100
"X5.99",5,1,1,0.65,100
"X6.99",6,0.35,0.6,0.65,100
"X7.99",7,0.33,0.7,0.65,100
"X8.99",8,1,1,0.65,100
"X9.99",9,0.9,1,0.65,100
"X10.99",10,1,1,0.65,100
"X11.99",11,0.25,0.34,0.65,100
"X12.99",12,1,1,0.65,100
"X13.99",13,1,1,0.65,100
"X14.99",14,1,1,0.65,100
"X15.99",15,1,1,0.65,100
"X16.99",16,0.25,0.5,0.65,100
"X1.100",1,0.65,0.5,0.8,101
"X2.100",2,1,0.8,0.8,101
"X3.100",3,0.8,0.6,0.8,101
"X4.100",4,0.6,0.5,0.8,101
"X5.100",5,1,1,0.8,101
"X6.100",6,0.8,1,0.8,101
"X7.100",7,0.6,0.75,0.8,101
"X8.100",8,1,1,0.8,101
"X9.100",9,1,1,0.8,101
"X10.100",10,0.8,0.8,0.8,101
"X11.100",11,1,1,0.8,101
"X12.100",12,0.75,0.8,0.8,101
"X13.100",13,1,1,0.8,101
"X14.100",14,1,1,0.8,101
"X15.100",15,1,1,0.8,101
"X16.100",16,0.5,0.5,0.8,101
"X1.101",1,0.8,0.3,0.25,102
"X2.101",2,0.3,0.3,0.25,102
"X3.101",3,0.3,0.3,0.25,102
"X4.101",4,0.25,0.25,0.25,102
"X5.101",5,0.05,0.05,0.25,102
"X6.101",6,0.8,0.8,0.25,102
"X7.101",7,0.8,0.8,0.25,102
"X8.101",8,0.05,0.05,0.25,102
"X9.101",9,0.8,0.8,0.25,102
"X10.101",10,0.8,0.8,0.25,102
"X11.101",11,0.5,0.5,0.25,102
"X12.101",12,0.8,0.8,0.25,102
"X13.101",13,0.7,0.7,0.25,102
"X14.101",14,0.85,0.85,0.25,102
"X15.101",15,0.75,0.75,0.25,102
"X16.101",16,0.8,0.8,0.25,102
"X1.102",1,0.7,0.9,0.5,103
"X2.102",2,0.4,0.7,0.5,103
"X3.102",3,0.25,0.25,0.5,103
"X4.102",4,0.25,0.25,0.5,103
"X5.102",5,0.25,0.25,0.5,103
"X6.102",6,0.25,0.01,0.5,103
"X7.102",7,0.25,0.25,0.5,103
"X8.102",8,0.25,0.25,0.5,103
"X9.102",9,0.25,0.25,0.5,103
"X10.102",10,0.25,0.25,0.5,103
"X11.102",11,0.25,0.25,0.5,103
"X12.102",12,0.25,0.25,0.5,103
"X13.102",13,0.25,0.25,0.5,103
"X14.102",14,0.25,0.25,0.5,103
"X15.102",15,0.25,0.25,0.5,103
"X16.102",16,0.25,0.25,0.5,103
"X1.103",1,0.8,1,0.9,104
"X2.103",2,0.3,0.4,0.9,104
"X3.103",3,0.6,1,0.9,104
"X4.103",4,0.6,1,0.9,104
"X5.103",5,0.7,1,0.9,104
"X6.103",6,0.25,1,0.9,104
"X7.103",7,0.35,0.5,0.9,104
"X8.103",8,0.3,1,0.9,104
"X9.103",9,0.6,1,0.9,104
"X10.103",10,0.3,0.5,0.9,104
"X11.103",11,0.4,0.7,0.9,104
"X12.103",12,0.5,1,0.9,104
"X13.103",13,1,1,0.9,104
"X14.103",14,0.8,1,0.9,104
"X15.103",15,0.8,1,0.9,104
"X16.103",16,0.4,0.7,0.9,104
"X1.104",1,0.4,0.7,0.6,105
"X2.104",2,0.4,0.3,0.6,105
"X3.104",3,0.4,0.5,0.6,105
"X4.104",4,0.25,0.25,0.6,105
"X5.104",5,0.55,0.55,0.6,105
"X6.104",6,0.4,0.4,0.6,105
"X7.104",7,0.5,0.4,0.6,105
"X8.104",8,0.8,0.8,0.6,105
"X9.104",9,0.6,0.6,0.6,105
"X10.104",10,0.4,0.4,0.6,105
"X11.104",11,0.5,0.5,0.6,105
"X12.104",12,0.4,0.4,0.6,105
"X13.104",13,0.7,0.7,0.6,105
"X14.104",14,0.5,0.5,0.6,105
"X15.104",15,0.45,0.45,0.6,105
"X16.104",16,0.7,0.7,0.6,105
"X1.105",1,0.5,0.5,0.5,106
"X2.105",2,0.5,0.5,0.5,106
"X3.105",3,0.5,0.5,0.5,106
"X4.105",4,0.5,1,0.5,106
"X5.105",5,1,1,0.5,106
"X6.105",6,0.5,0.5,0.5,106
"X7.105",7,0.5,1,0.5,106
"X8.105",8,0.25,0.5,0.5,106
"X9.105",9,1,1,0.5,106
"X10.105",10,0.25,0,0.5,106
"X11.105",11,0.5,0.5,0.5,106
"X12.105",12,0.5,0.5,0.5,106
"X13.105",13,0.5,0.5,0.5,106
"X14.105",14,0.5,0.5,0.5,106
"X15.105",15,1,1,0.5,106
"X16.105",16,1,1,0.5,106
"X1.106",1,0.6,0.5,0.5,107
"X2.106",2,0.3,0.7,0.5,107
"X3.106",3,0.3,0.4,0.5,107
"X4.106",4,0.3,0.4,0.5,107
"X5.106",5,0.4,0.4,0.5,107
"X6.106",6,0.2,0.9,0.5,107
"X7.106",7,0.25,0.25,0.5,107
"X8.106",8,0.5,0.4,0.5,107
"X9.106",9,0.4,0.35,0.5,107
"X10.106",10,0.2,0.4,0.5,107
"X11.106",11,0.2,0.3,0.5,107
"X12.106",12,0.2,0.6,0.5,107
"X13.106",13,0.25,0.25,0.5,107
"X14.106",14,0.4,0.7,0.5,107
"X15.106",15,0.4,0.45,0.5,107
"X16.106",16,0.3,0.3,0.5,107
"X1.107",1,0.3,0.5,0.4,108
"X2.107",2,0.45,0.5,0.4,108
"X3.107",3,0.5,0.55,0.4,108
"X4.107",4,0.35,0.35,0.4,108
"X5.107",5,0.5,0.6,0.4,108
"X6.107",6,0.3,0.4,0.4,108
"X7.107",7,0.45,0.25,0.4,108
"X8.107",8,0.05,0.7,0.4,108
"X9.107",9,0.35,0.35,0.4,108
"X10.107",10,0.5,0.5,0.4,108
"X11.107",11,0.45,0.5,0.4,108
"X12.107",12,0.55,0.6,0.4,108
"X13.107",13,0.5,0.6,0.4,108
"X14.107",14,0.4,0.25,0.4,108
"X15.107",15,0.5,0.6,0.4,108
"X16.107",16,0.6,0.7,0.4,108
"X1.108",1,0.4,0.8,0.75,109
"X2.108",2,0.6,0.9,0.75,109
"X3.108",3,0.35,0.4,0.75,109
"X4.108",4,0.35,0.5,0.75,109
"X5.108",5,0.6,0.8,0.75,109
"X6.108",6,0.25,0.75,0.75,109
"X7.108",7,0.6,0.9,0.75,109
"X8.108",8,0.3,0.8,0.75,109
"X9.108",9,0.4,0.4,0.75,109
"X10.108",10,0.4,0.6,0.75,109
"X11.108",11,0.2,0.6,0.75,109
"X12.108",12,0.3,0.65,0.75,109
"X13.108",13,0.5,0.85,0.75,109
"X14.108",14,0.6,1,0.75,109
"X15.108",15,0.5,0.8,0.75,109
"X16.108",16,0.4,0.5,0.75,109
"X1.109",1,0.4,0.6,0.5,110
"X2.109",2,0.65,0.75,0.5,110
"X3.109",3,0.43,0.7,0.5,110
"X4.109",4,0.45,0.55,0.5,110
"X5.109",5,0.3,0.6,0.5,110
"X6.109",6,0.4,0.7,0.5,110
"X7.109",7,0.4,0.7,0.5,110
"X8.109",8,0.45,0.8,0.5,110
"X9.109",9,0.45,0.75,0.5,110
"X10.109",10,0.4,0.75,0.5,110
"X11.109",11,0.5,0.85,0.5,110
"X12.109",12,0.5,0.7,0.5,110
"X13.109",13,0.85,0.99,0.5,110
"X14.109",14,0.85,1,0.5,110
"X15.109",15,0.85,1,0.5,110
"X16.109",16,0.5,0.5,0.5,110
"X1.110",1,0.6,1,0.8,111
"X2.110",2,0.4,0.4,0.8,111
"X3.110",3,0.3,0.6,0.8,111
"X4.110",4,0.75,1,0.8,111
"X5.110",5,0.5,0.4,0.8,111
"X6.110",6,0.6,1,0.8,111
"X7.110",7,0.5,0.8,0.8,111
"X8.110",8,0.6,1,0.8,111
"X9.110",9,0.6,0.6,0.8,111
"X10.110",10,0.6,0.8,0.8,111
"X11.110",11,0.25,0.7,0.8,111
"X12.110",12,0.5,0.6,0.8,111
"X13.110",13,0.7,1,0.8,111
"X14.110",14,0.7,1,0.8,111
"X15.110",15,0.7,1,0.8,111
"X16.110",16,0.25,0.3,0.8,111
"X1.111",1,0.65,1,0.9,112
"X2.111",2,0.4,1,0.9,112
"X3.111",3,0.75,1,0.9,112
"X4.111",4,0.45,1,0.9,112
"X5.111",5,0.4,1,0.9,112
"X6.111",6,0.25,1,0.9,112
"X7.111",7,0.5,1,0.9,112
"X8.111",8,0.4,1,0.9,112
"X9.111",9,0.55,1,0.9,112
"X10.111",10,0.25,1,0.9,112
"X11.111",11,0.2,1,0.9,112
"X12.111",12,0.8,1,0.9,112
"X13.111",13,0.5,1,0.9,112
"X14.111",14,0.85,1,0.9,112
"X15.111",15,0.7,0.9,0.9,112
"X16.111",16,0.4,1,0.9,112
"X1.112",1,0.3,1,0.95,113
"X2.112",2,0.65,1,0.95,113
"X3.112",3,0.6,1,0.95,113
"X4.112",4,0.3,0.5,0.95,113
"X5.112",5,0.88,1,0.95,113
"X6.112",6,0.3,1,0.95,113
"X7.112",7,0.8,1,0.95,113
"X8.112",8,0.4,1,0.95,113
"X9.112",9,0.4,1,0.95,113
"X10.112",10,0.3,1,0.95,113
"X11.112",11,0.2,0.75,0.95,113
"X12.112",12,0.35,0.65,0.95,113
"X13.112",13,1,1,0.95,113
"X14.112",14,1,1,0.95,113
"X15.112",15,0.9,1,0.95,113
"X16.112",16,0.5,1,0.95,113
"X1.113",1,0.25,0.25,0.1,114
"X2.113",2,0.5,1,0.1,114
"X3.113",3,0.3,0.45,0.1,114
"X4.113",4,0.3,0.5,0.1,114
"X5.113",5,0.5,0.7,0.1,114
"X6.113",6,0.35,0.25,0.1,114
"X7.113",7,0.25,0.25,0.1,114
"X8.113",8,0.25,0.25,0.1,114
"X9.113",9,0.3,0.5,0.1,114
"X10.113",10,0.4,0.25,0.1,114
"X11.113",11,0.5,0.3,0.1,114
"X12.113",12,0.3,0.45,0.1,114
"X13.113",13,0.25,0.25,0.1,114
"X14.113",14,0.3,0.25,0.1,114
"X15.113",15,0.6,0.7,0.1,114
"X16.113",16,0.5,0.6,0.1,114
"X1.114",1,0.7,1,0.1,115
"X2.114",2,1,1,0.1,115
"X3.114",3,1,1,0.1,115
"X4.114",4,0.1,1,0.1,115
"X5.114",5,0,0.5,0.1,115
"X6.114",6,1,1,0.1,115
"X7.114",7,1,1,0.1,115
"X8.114",8,1,1,0.1,115
"X9.114",9,1,1,0.1,115
"X10.114",10,1,1,0.1,115
"X11.114",11,1,1,0.1,115
"X12.114",12,1,1,0.1,115
"X13.114",13,1,1,0.1,115
"X14.114",14,1,1,0.1,115
"X15.114",15,1,1,0.1,115
"X16.114",16,1,1,0.1,115
"X1.115",1,0.9,0.85,0.85,116
"X2.115",2,0.9,0.8,0.85,116
"X3.115",3,0.9,0.8,0.85,116
"X4.115",4,0.1,0.8,0.85,116
"X5.115",5,1,1,0.85,116
"X6.115",6,0.9,0.7,0.85,116
"X7.115",7,0.8,0.8,0.85,116
"X8.115",8,0.9,0.9,0.85,116
"X9.115",9,0.85,0.9,0.85,116
"X10.115",10,0.8,0.85,0.85,116
"X11.115",11,0.8,0.9,0.85,116
"X12.115",12,0.95,0.9,0.85,116
"X13.115",13,1,1,0.85,116
"X14.115",14,1,1,0.85,116
"X15.115",15,0.9,1,0.85,116
"X16.115",16,0.8,0.85,0.85,116
"X1.116",1,0.45,0.75,0.33,117
"X2.116",2,0.45,0.5,0.33,117
"X3.116",3,0.5,0.55,0.33,117
"X4.116",4,0.4,0.25,0.33,117
"X5.116",5,0.33,0.33,0.33,117
"X6.116",6,0.8,0.9,0.33,117
"X7.116",7,0.25,0.4,0.33,117
"X8.116",8,0.15,0.25,0.33,117
"X9.116",9,0.3,0.34,0.33,117
"X10.116",10,0.3,0.3,0.33,117
"X11.116",11,0.5,0.7,0.33,117
"X12.116",12,0.4,0.75,0.33,117
"X13.116",13,0.25,0.7,0.33,117
"X14.116",14,0.75,1,0.33,117
"X15.116",15,0.3,0.33,0.33,117
"X16.116",16,0.35,0.35,0.33,117
"X1.117",1,0.9,1,0.9,118
"X2.117",2,0.5,1,0.9,118
"X3.117",3,0.7,1,0.9,118
"X4.117",4,0.5,1,0.9,118
"X5.117",5,1,1,0.9,118
"X6.117",6,0.3,1,0.9,118
"X7.117",7,0.3,1,0.9,118
"X8.117",8,0.5,1,0.9,118
"X9.117",9,0.2,1,0.9,118
"X10.117",10,0.7,0.7,0.9,118
"X11.117",11,0.4,0.5,0.9,118
"X12.117",12,0.5,0.5,0.9,118
"X13.117",13,1,1,0.9,118
"X14.117",14,1,1,0.9,118
"X15.117",15,1,1,0.9,118
"X16.117",16,0.5,1,0.9,118
"X1.118",1,0.5,0.5,0.5,119
"X2.118",2,0.25,0.25,0.5,119
"X3.118",3,0.6,0.6,0.5,119
"X4.118",4,0.7,0.8,0.5,119
"X5.118",5,1,1,0.5,119
"X6.118",6,1,0.9,0.5,119
"X7.118",7,0,0,0.5,119
"X8.118",8,1,1,0.5,119
"X9.118",9,0,0,0.5,119
"X10.118",10,1,1,0.5,119
"X11.118",11,0.6,0.5,0.5,119
"X12.118",12,1,1,0.5,119
"X13.118",13,0.5,0.5,0.5,119
"X14.118",14,1,1,0.5,119
"X15.118",15,1,1,0.5,119
"X16.118",16,1,1,0.5,119
"X1.119",1,0.25,0.45,0.65,120
"X2.119",2,0.4,0.5,0.65,120
"X3.119",3,0.45,0.4,0.65,120
"X4.119",4,0.25,0.3,0.65,120
"X5.119",5,0.8,0.8,0.65,120
"X6.119",6,0.25,0.25,0.65,120
"X7.119",7,0.45,0.6,0.65,120
"X8.119",8,0.25,0.35,0.65,120
"X9.119",9,0.4,0.4,0.65,120
"X10.119",10,0.55,0.55,0.65,120
"X11.119",11,0.3,0.5,0.65,120
"X12.119",12,0.25,0.25,0.65,120
"X13.119",13,0.25,0.25,0.65,120
"X14.119",14,0.45,0.45,0.65,120
"X15.119",15,0.25,0.25,0.65,120
"X16.119",16,0.25,0.25,0.65,120
"X1.120",1,0.5,1,0.8,121
"X2.120",2,0.3,0.5,0.8,121
"X3.120",3,0.25,0.4,0.8,121
"X4.120",4,0.7,1,0.8,121
"X5.120",5,0.5,0.5,0.8,121
"X6.120",6,0.5,0.5,0.8,121
"X7.120",7,0.25,1,0.8,121
"X8.120",8,0.7,1,0.8,121
"X9.120",9,0.8,1,0.8,121
"X10.120",10,0.5,1,0.8,121
"X11.120",11,0.8,1,0.8,121
"X12.120",12,0.25,0.25,0.8,121
"X13.120",13,0.9,1,0.8,121
"X14.120",14,1,1,0.8,121
"X15.120",15,0.5,1,0.8,121
"X16.120",16,1,1,0.8,121
"X1.121",1,0.3,0.2,0.5,122
"X2.121",2,0.25,0.25,0.5,122
"X3.121",3,0.25,0.25,0.5,122
"X4.121",4,0.4,0.4,0.5,122
"X5.121",5,0.7,0.7,0.5,122
"X6.121",6,0.7,0.7,0.5,122
"X7.121",7,0.25,0.25,0.5,122
"X8.121",8,0.5,0.5,0.5,122
"X9.121",9,1,1,0.5,122
"X10.121",10,0.25,0.25,0.5,122
"X11.121",11,0.25,0.25,0.5,122
"X12.121",12,0.25,0.25,0.5,122
"X13.121",13,0.7,0.7,0.5,122
"X14.121",14,0.25,0.25,0.5,122
"X15.121",15,0.7,0.7,0.5,122
"X16.121",16,0.7,0.7,0.5,122
"X1.122",1,0.6,0.9,0.75,123
"X2.122",2,1,1,0.75,123
"X3.122",3,0.5,1,0.75,123
"X4.122",4,0.5,0.4,0.75,123
"X5.122",5,1,1,0.75,123
"X6.122",6,0.4,0.5,0.75,123
"X7.122",7,0.4,1,0.75,123
"X8.122",8,1,1,0.75,123
"X9.122",9,0.5,0.5,0.75,123
"X10.122",10,0.25,0.7,0.75,123
"X11.122",11,0.5,1,0.75,123
"X12.122",12,1,1,0.75,123
"X13.122",13,0.4,1,0.75,123
"X14.122",14,1,1,0.75,123
"X15.122",15,1,1,0.75,123
"X16.122",16,1,1,0.75,123
"X1.123",1,0.5,0.5,0.2,124
"X2.123",2,1,1,0.2,124
"X3.123",3,1,1,0.2,124
"X4.123",4,1,1,0.2,124
"X5.123",5,0.5,0.5,0.2,124
"X6.123",6,1,1,0.2,124
"X7.123",7,1,1,0.2,124
"X8.123",8,1,0.5,0.2,124
"X9.123",9,1,1,0.2,124
"X10.123",10,1,1,0.2,124
"X11.123",11,1,1,0.2,124
"X12.123",12,1,1,0.2,124
"X13.123",13,1,1,0.2,124
"X14.123",14,1,1,0.2,124
"X15.123",15,1,1,0.2,124
"X16.123",16,1,1,0.2,124
"X1.124",1,0.9,0.96,0.88,125
"X2.124",2,0.96,0.97,0.88,125
"X3.124",3,0.92,0.93,0.88,125
"X4.124",4,0.93,1,0.88,125
"X5.124",5,0.95,0.99,0.88,125
"X6.124",6,0.6,0.98,0.88,125
"X7.124",7,0.85,0.91,0.88,125
"X8.124",8,0.9,1,0.88,125
"X9.124",9,0.88,0.91,0.88,125
"X10.124",10,0.87,0.9,0.88,125
"X11.124",11,0.52,0.99,0.88,125
"X12.124",12,0.75,0.8,0.88,125
"X13.124",13,0.92,0.96,0.88,125
"X14.124",14,0.98,1,0.88,125
"X15.124",15,0.95,1,0.88,125
"X16.124",16,0.88,0.9,0.88,125
"X1.125",1,0.25,0.25,0.25,126
"X2.125",2,0.4,0.35,0.25,126
"X3.125",3,0.5,0.4,0.25,126
"X4.125",4,0.4,0.4,0.25,126
"X5.125",5,0.5,0.6,0.25,126
"X6.125",6,0.4,0.4,0.25,126
"X7.125",7,0.5,0.5,0.25,126
"X8.125",8,0.4,0.4,0.25,126
"X9.125",9,0.4,0.4,0.25,126
"X10.125",10,0.4,0.4,0.25,126
"X11.125",11,0.6,0.6,0.25,126
"X12.125",12,0.4,0.4,0.25,126
"X13.125",13,0.4,0.4,0.25,126
"X14.125",14,0.4,0.4,0.25,126
"X15.125",15,0.4,0.4,0.25,126
"X16.125",16,0.4,0.4,0.25,126
"X1.126",1,0.45,0.9,0.5,127
"X2.126",2,0.85,1,0.5,127
"X3.126",3,0.5,0.8,0.5,127
"X4.126",4,0.25,0.25,0.5,127
"X5.126",5,0.35,0.85,0.5,127
"X6.126",6,0.25,0.25,0.5,127
"X7.126",7,0.8,1,0.5,127
"X8.126",8,0.6,1,0.5,127
"X9.126",9,0.33,0.33,0.5,127
"X10.126",10,0.34,0.34,0.5,127
"X11.126",11,0.4,0.35,0.5,127
"X12.126",12,0.55,0.8,0.5,127
"X13.126",13,0.25,0.25,0.5,127
"X14.126",14,0.97,1,0.5,127
"X15.126",15,0.5,0.9,0.5,127
"X16.126",16,0.85,0.98,0.5,127
"X1.127",1,0.45,0.79,0.9,128
"X2.127",2,0.7,0.98,0.9,128
"X3.127",3,0.76,1,0.9,128
"X4.127",4,0.33,0.4,0.9,128
"X5.127",5,0.56,0.92,0.9,128
"X6.127",6,0.31,0.4,0.9,128
"X7.127",7,0.5,0.95,0.9,128
"X8.127",8,0.4,0.99,0.9,128
"X9.127",9,0.5,0.85,0.9,128
"X10.127",10,0.35,0.45,0.9,128
"X11.127",11,0.32,0.6,0.9,128
"X12.127",12,0.48,0.9,0.9,128
"X13.127",13,0.7,0,0.9,128
"X14.127",14,0.9,1,0.9,128
"X15.127",15,0.7,0.98,0.9,128
"X16.127",16,0.4,0.6,0.9,128
"X1.128",1,0.85,1,0.75,129
"X2.128",2,0.05,1,0.75,129
"X3.128",3,0.4,0.4,0.75,129
"X4.128",4,0.4,0.4,0.75,129
"X5.128",5,0.55,0.6,0.75,129
"X6.128",6,0.25,1,0.75,129
"X7.128",7,0.4,1,0.75,129
"X8.128",8,0.4,1,0.75,129
"X9.128",9,0.2,0.33,0.75,129
"X10.128",10,0.2,1,0.75,129
"X11.128",11,0.25,1,0.75,129
"X12.128",12,0.3,0.3,0.75,129
"X13.128",13,0.75,1,0.75,129
"X14.128",14,0.85,1,0.75,129
"X15.128",15,0.7,1,0.75,129
"X16.128",16,0.5,0.5,0.75,129
"X1.129",1,0.75,1,0.75,130
"X2.129",2,0.6,1,0.75,130
"X3.129",3,0.5,0.8,0.75,130
"X4.129",4,0.6,0.75,0.75,130
"X5.129",5,0.45,0.6,0.75,130
"X6.129",6,0.25,0.25,0.75,130
"X7.129",7,0.75,0.8,0.75,130
"X8.129",8,0.6,0.8,0.75,130
"X9.129",9,0.5,0.5,0.75,130
"X10.129",10,0.4,0.4,0.75,130
"X11.129",11,0.5,1,0.75,130
"X12.129",12,0.8,0.8,0.75,130
"X13.129",13,1,1,0.75,130
"X14.129",14,1,1,0.75,130
"X15.129",15,0.9,1,0.75,130
"X16.129",16,0.5,0.5,0.75,130
"X1.130",1,0.35,0.8,0.95,131
"X2.130",2,0.4,0.75,0.95,131
"X3.130",3,0.5,0.6,0.95,131
"X4.130",4,0.25,0.4,0.95,131
"X5.130",5,0.6,0.7,0.95,131
"X6.130",6,0.25,0.75,0.95,131
"X7.130",7,0.25,0.75,0.95,131
"X8.130",8,0.5,1,0.95,131
"X9.130",9,0.3,0.5,0.95,131
"X10.130",10,0.35,0.6,0.95,131
"X11.130",11,0.25,0.5,0.95,131
"X12.130",12,0.25,0.5,0.95,131
"X13.130",13,0.6,0.7,0.95,131
"X14.130",14,0.7,1,0.95,131
"X15.130",15,0.4,0.5,0.95,131
"X16.130",16,0.75,0.65,0.95,131
"X1.131",1,0.5,1,0.9,132
"X2.131",2,0.7,1,0.9,132
"X3.131",3,0.15,0.9,0.9,132
"X4.131",4,0.75,1,0.9,132
"X5.131",5,0.9,1,0.9,132
"X6.131",6,0.5,0.9,0.9,132
"X7.131",7,0.85,1,0.9,132
"X8.131",8,0,1,0.9,132
"X9.131",9,0.5,0.5,0.9,132
"X10.131",10,0.8,0.95,0.9,132
"X11.131",11,0.2,0.6,0.9,132
"X12.131",12,0.8,1,0.9,132
"X13.131",13,0.9,1,0.9,132
"X14.131",14,0.85,1,0.9,132
"X15.131",15,0.5,0.6,0.9,132
"X16.131",16,0.6,1,0.9,132
"X1.132",1,0.9,0.8,0.3,133
"X2.132",2,1,1,0.3,133
"X3.132",3,1,1,0.3,133
"X4.132",4,0.95,1,0.3,133
"X5.132",5,0.9,0.9,0.3,133
"X6.132",6,0.5,0.5,0.3,133
"X7.132",7,0.99,1,0.3,133
"X8.132",8,0.95,1,0.3,133
"X9.132",9,0.7,0.6,0.3,133
"X10.132",10,1,1,0.3,133
"X11.132",11,0.5,0.4,0.3,133
"X12.132",12,0.4,0.5,0.3,133
"X13.132",13,1,1,0.3,133
"X14.132",14,1,1,0.3,133
"X15.132",15,0.95,0.7,0.3,133
"X16.132",16,1,1,0.3,133
"X1.133",1,1,1,0.75,134
"X2.133",2,1,1,0.75,134
"X3.133",3,1,1,0.75,134
"X4.133",4,1,1,0.75,134
"X5.133",5,1,1,0.75,134
"X6.133",6,1,1,0.75,134
"X7.133",7,0.7,0.8,0.75,134
"X8.133",8,0.25,0.25,0.75,134
"X9.133",9,0.5,1,0.75,134
"X10.133",10,0.4,0.5,0.75,134
"X11.133",11,0.25,0,0.75,134
"X12.133",12,1,1,0.75,134
"X13.133",13,1,1,0.75,134
"X14.133",14,1,1,0.75,134
"X15.133",15,0,0,0.75,134
"X16.133",16,1,1,0.75,134
"X1.134",1,1,1,0.5,135
"X2.134",2,1,1,0.5,135
"X3.134",3,1,1,0.5,135
"X4.134",4,0.9,1,0.5,135
"X5.134",5,1,1,0.5,135
"X6.134",6,0.4,1,0.5,135
"X7.134",7,1,1,0.5,135
"X8.134",8,0,0,0.5,135
"X9.134",9,1,1,0.5,135
"X10.134",10,1,1,0.5,135
"X11.134",11,0.3,1,0.5,135
"X12.134",12,1,1,0.5,135
"X13.134",13,1,1,0.5,135
"X14.134",14,1,1,0.5,135
"X15.134",15,1,1,0.5,135
"X16.134",16,1,1,0.5,135
"X1.135",1,0.7,0.7,0.8,136
"X2.135",2,0.8,1,0.8,136
"X3.135",3,0.35,0.34,0.8,136
"X4.135",4,0.4,0.45,0.8,136
"X5.135",5,0.5,0.97,0.8,136
"X6.135",6,0.25,0.5,0.8,136
"X7.135",7,0.7,0.75,0.8,136
"X8.135",8,0.5,0.95,0.8,136
"X9.135",9,0.6,0.6,0.8,136
"X10.135",10,0.5,0.7,0.8,136
"X11.135",11,0.25,0.25,0.8,136
"X12.135",12,0.35,0.5,0.8,136
"X13.135",13,0.55,0.55,0.8,136
"X14.135",14,0.95,1,0.8,136
"X15.135",15,0.8,1,0.8,136
"X16.135",16,0.25,0.5,0.8,136
"X1.136",1,0.8,0.9,0.6,137
"X2.136",2,1,1,0.6,137
"X3.136",3,0.5,0.5,0.6,137
"X4.136",4,1,1,0.6,137
"X5.136",5,1,1,0.6,137
"X6.136",6,0.5,0.5,0.6,137
"X7.136",7,1,1,0.6,137
"X8.136",8,0.25,0.25,0.6,137
"X9.136",9,0.5,1,0.6,137
"X10.136",10,0.6,0.6,0.6,137
"X11.136",11,0,0.5,0.6,137
"X12.136",12,0.5,0.5,0.6,137
"X13.136",13,1,1,0.6,137
"X14.136",14,1,1,0.6,137
"X15.136",15,0.5,0.5,0.6,137
"X16.136",16,1,1,0.6,137
"X1.137",1,0.8,0.6,0.5,138
"X2.137",2,0.6,0.9,0.5,138
"X3.137",3,0.4,1,0.5,138
"X4.137",4,0.45,0.4,0.5,138
"X5.137",5,0.9,1,0.5,138
"X6.137",6,0.8,1,0.5,138
"X7.137",7,0.9,1,0.5,138
"X8.137",8,0.5,1,0.5,138
"X9.137",9,0.25,0.6,0.5,138
"X10.137",10,0.2,0.8,0.5,138
"X11.137",11,0.8,1,0.5,138
"X12.137",12,0.4,1,0.5,138
"X13.137",13,0.4,0.4,0.5,138
"X14.137",14,1,1,0.5,138
"X15.137",15,0.4,1,0.5,138
"X16.137",16,0.3,0.5,0.5,138
"X1.138",1,0.7,1,0.7,139
"X2.138",2,0.6,0.8,0.7,139
"X3.138",3,0.7,0.8,0.7,139
"X4.138",4,0.5,0.7,0.7,139
"X5.138",5,0.6,0.9,0.7,139
"X6.138",6,0.4,0.7,0.7,139
"X7.138",7,0.5,0.9,0.7,139
"X8.138",8,0.4,1,0.7,139
"X9.138",9,0.2,0.7,0.7,139
"X10.138",10,0.45,0.8,0.7,139
"X11.138",11,0.35,0.5,0.7,139
"X12.138",12,0.2,0.5,0.7,139
"X13.138",13,0.7,1,0.7,139
"X14.138",14,0.7,1,0.7,139
"X15.138",15,0.6,0.7,0.7,139
"X16.138",16,0.2,0.5,0.7,139
"X1.139",1,0.75,0.7,0.75,140
"X2.139",2,0.5,0.55,0.75,140
"X3.139",3,0.7,0.5,0.75,140
"X4.139",4,0.6,0.5,0.75,140
"X5.139",5,0.75,0.7,0.75,140
"X6.139",6,0.6,0.7,0.75,140
"X7.139",7,0.8,0.75,0.75,140
"X8.139",8,0.8,0.7,0.75,140
"X9.139",9,0.7,0.8,0.75,140
"X10.139",10,0.8,0.9,0.75,140
"X11.139",11,0.6,0.5,0.75,140
"X12.139",12,0.6,0.75,0.75,140
"X13.139",13,0.75,0.75,0.75,140
"X14.139",14,0.7,0.8,0.75,140
"X15.139",15,0.34,0.34,0.75,140
"X16.139",16,0.75,0.8,0.75,140
"X1.140",1,0.05,0.01,0.77,141
"X2.140",2,0.95,0.99,0.77,141
"X3.140",3,0.9,0.99,0.77,141
"X4.140",4,0.8,0.75,0.77,141
"X5.140",5,0.95,0.99,0.77,141
"X6.140",6,0.75,0.8,0.77,141
"X7.140",7,0.5,0.5,0.77,141
"X8.140",8,0.75,0.95,0.77,141
"X9.140",9,0.75,0.8,0.77,141
"X10.140",10,0.25,0.3,0.77,141
"X11.140",11,0.75,0.99,0.77,141
"X12.140",12,0.8,0.99,0.77,141
"X13.140",13,0.95,0.99,0.77,141
"X14.140",14,0.25,0.8,0.77,141
"X15.140",15,0.95,0.99,0.77,141
"X16.140",16,0.95,0.99,0.77,141
"X1.141",1,0.6,0.4,0.5,142
"X2.141",2,0.4,0.3,0.5,142
"X3.141",3,0.7,0.7,0.5,142
"X4.141",4,0.6,0.8,0.5,142
"X5.141",5,1,1,0.5,142
"X6.141",6,0.4,0.3,0.5,142
"X7.141",7,0.4,0.5,0.5,142
"X8.141",8,0.8,0.7,0.5,142
"X9.141",9,0.5,0.4,0.5,142
"X10.141",10,0.3,0.5,0.5,142
"X11.141",11,0.5,0.6,0.5,142
"X12.141",12,0.4,0.7,0.5,142
"X13.141",13,0.7,0.7,0.5,142
"X14.141",14,1,1,0.5,142
"X15.141",15,1,1,0.5,142
"X16.141",16,0.8,1,0.5,142
"X1.142",1,0.25,0.25,0.66,143
"X2.142",2,0.5,0.5,0.66,143
"X3.142",3,0.75,0.75,0.66,143
"X4.142",4,0,1,0.66,143
"X5.142",5,1,1,0.66,143
"X6.142",6,0.34,0.34,0.66,143
"X7.142",7,0.4,0.4,0.66,143
"X8.142",8,0.5,0.5,0.66,143
"X9.142",9,0.34,0.34,0.66,143
"X10.142",10,0.75,0.75,0.66,143
"X11.142",11,1,1,0.66,143
"X12.142",12,1,1,0.66,143
"X13.142",13,0.6,0.6,0.66,143
"X14.142",14,0.25,0.25,0.66,143
"X15.142",15,1,1,0.66,143
"X16.142",16,1,1,0.66,143
"X1.143",1,0.6,0.8,0.75,144
"X2.143",2,0.5,0.8,0.75,144
"X3.143",3,0.85,1,0.75,144
"X4.143",4,0.4,0.5,0.75,144
"X5.143",5,0.95,1,0.75,144
"X6.143",6,0.55,0.9,0.75,144
"X7.143",7,0.8,0.9,0.75,144
"X8.143",8,0.45,0.95,0.75,144
"X9.143",9,0.35,0.5,0.75,144
"X10.143",10,0.4,0.5,0.75,144
"X11.143",11,0.2,0.8,0.75,144
"X12.143",12,0.7,0.9,0.75,144
"X13.143",13,0.6,0.95,0.75,144
"X14.143",14,0.95,1,0.75,144
"X15.143",15,0.85,1,0.75,144
"X16.143",16,0.8,1,0.75,144
"X1.144",1,0.3,0.5,0.8,145
"X2.144",2,0.8,0,0.8,145
"X3.144",3,0.3,0.4,0.8,145
"X4.144",4,0.15,0.25,0.8,145
"X5.144",5,0.7,0.8,0.8,145
"X6.144",6,0.25,0.4,0.8,145
"X7.144",7,0.65,1,0.8,145
"X8.144",8,0.4,1,0.8,145
"X9.144",9,0.4,0.8,0.8,145
"X10.144",10,0.3,1,0.8,145
"X11.144",11,0.3,0.35,0.8,145
"X12.144",12,0.6,0.8,0.8,145
"X13.144",13,0.95,1,0.8,145
"X14.144",14,0.95,1,0.8,145
"X15.144",15,0.6,0.95,0.8,145
"X16.144",16,0.5,0.7,0.8,145
"X1.145",1,0.3,0.25,0.01,146
"X2.145",2,0.25,0.25,0.01,146
"X3.145",3,0.25,0.25,0.01,146
"X4.145",4,0.25,1,0.01,146
"X5.145",5,0.25,0.25,0.01,146
"X6.145",6,0.25,0.25,0.01,146
"X7.145",7,0.25,0.25,0.01,146
"X8.145",8,0.25,0.25,0.01,146
"X9.145",9,0.25,0.25,0.01,146
"X10.145",10,0.25,0.25,0.01,146
"X11.145",11,0.25,0.75,0.01,146
"X12.145",12,0.25,0.7,0.01,146
"X13.145",13,0.25,0.25,0.01,146
"X14.145",14,0.25,0.25,0.01,146
"X15.145",15,0.25,0.25,0.01,146
"X16.145",16,0.25,0.25,0.01,146
"X1.146",1,0.7,0.45,0.8,147
"X2.146",2,1,1,0.8,147
"X3.146",3,0.7,0.8,0.8,147
"X4.146",4,0.3,0.3,0.8,147
"X5.146",5,0,0,0.8,147
"X6.146",6,1,1,0.8,147
"X7.146",7,1,1,0.8,147
"X8.146",8,0.5,0.5,0.8,147
"X9.146",9,0.6,0.6,0.8,147
"X10.146",10,0.2,0.2,0.8,147
"X11.146",11,0.6,0.6,0.8,147
"X12.146",12,1,1,0.8,147
"X13.146",13,1,1,0.8,147
"X14.146",14,1,1,0.8,147
"X15.146",15,1,1,0.8,147
"X16.146",16,1,1,0.8,147
"X1.147",1,0.1,0.05,0.2,148
"X2.147",2,0.5,0.6,0.2,148
"X3.147",3,0.6,0.5,0.2,148
"X4.147",4,0.45,0.4,0.2,148
"X5.147",5,0.5,0.6,0.2,148
"X6.147",6,0.2,0.3,0.2,148
"X7.147",7,0.4,0.5,0.2,148
"X8.147",8,0.5,0.7,0.2,148
"X9.147",9,0.65,0.8,0.2,148
"X10.147",10,0.4,0.25,0.2,148
"X11.147",11,0.25,0.25,0.2,148
"X12.147",12,0.3,0.4,0.2,148
"X13.147",13,0.7,1,0.2,148
"X14.147",14,0.8,1,0.2,148
"X15.147",15,0.5,0.4,0.2,148
"X16.147",16,0.3,0.4,0.2,148
"X1.148",1,0.6,0.6,0.8,149
"X2.148",2,0.7,0.92,0.8,149
"X3.148",3,0.5,0.7,0.8,149
"X4.148",4,0.3,0.35,0.8,149
"X5.148",5,0.8,0.9,0.8,149
"X6.148",6,0.3,0.6,0.8,149
"X7.148",7,0.4,0.6,0.8,149
"X8.148",8,0.7,0.9,0.8,149
"X9.148",9,0.7,0.8,0.8,149
"X10.148",10,0.35,0.5,0.8,149
"X11.148",11,0.48,0.5,0.8,149
"X12.148",12,0.8,1,0.8,149
"X13.148",13,0.7,0.9,0.8,149
"X14.148",14,0.92,1,0.8,149
"X15.148",15,0.8,0.95,0.8,149
"X16.148",16,0.95,1,0.8,149
"X1.149",1,0.5,0.3,0.2,150
"X2.149",2,0.5,0.7,0.2,150
"X3.149",3,0.4,0.55,0.2,150
"X4.149",4,0.35,0.25,0.2,150
"X5.149",5,0.85,1,0.2,150
"X6.149",6,0.3,0.25,0.2,150
"X7.149",7,0.25,0.25,0.2,150
"X8.149",8,1,1,0.2,150
"X9.149",9,0.3,0.5,0.2,150
"X10.149",10,0.25,0.25,0.2,150
"X11.149",11,0.25,0.25,0.2,150
"X12.149",12,0.4,0.25,0.2,150
"X13.149",13,0.35,0.35,0.2,150
"X14.149",14,0.25,0.25,0.2,150
"X15.149",15,0.85,0.35,0.2,150
"X16.149",16,0,0,0.2,150
"X1.150",1,0.5,0.9,0.75,151
"X2.150",2,0.85,0.8,0.75,151
"X3.150",3,0.9,0.7,0.75,151
"X4.150",4,0.2,0.5,0.75,151
"X5.150",5,0.9,0.75,0.75,151
"X6.150",6,0.9,1,0.75,151
"X7.150",7,0.5,0.9,0.75,151
"X8.150",8,0.75,0.8,0.75,151
"X9.150",9,0.5,0.95,0.75,151
"X10.150",10,0.25,0.8,0.75,151
"X11.150",11,0.5,0.75,0.75,151
"X12.150",12,0.6,0.95,0.75,151
"X13.150",13,1,1,0.75,151
"X14.150",14,0.9,1,0.75,151
"X15.150",15,1,1,0.75,151
"X16.150",16,1,1,0.75,151
"X1.151",1,0.6,0.7,0.75,152
"X2.151",2,0.7,1,0.75,152
"X3.151",3,0.8,0.9,0.75,152
"X4.151",4,0.65,0.9,0.75,152
"X5.151",5,0.2,0.9,0.75,152
"X6.151",6,0.4,1,0.75,152
"X7.151",7,0.8,0.9,0.75,152
"X8.151",8,0.5,1,0.75,152
"X9.151",9,0.6,0.9,0.75,152
"X10.151",10,0.7,0.9,0.75,152
"X11.151",11,0.5,0.8,0.75,152
"X12.151",12,0.4,0.8,0.75,152
"X13.151",13,0.9,1,0.75,152
"X14.151",14,1,1,0.75,152
"X15.151",15,0.8,0.9,0.75,152
"X16.151",16,0.7,0.8,0.75,152
"X1.152",1,0.7,0.8,0.8,153
"X2.152",2,0.8,0.7,0.8,153
"X3.152",3,0.55,0.6,0.8,153
"X4.152",4,0.35,0.25,0.8,153
"X5.152",5,0.5,0.6,0.8,153
"X6.152",6,0.5,0.5,0.8,153
"X7.152",7,0.85,1,0.8,153
"X8.152",8,0.7,0.95,0.8,153
"X9.152",9,0.35,0.4,0.8,153
"X10.152",10,0.9,0.85,0.8,153
"X11.152",11,0.5,0.7,0.8,153
"X12.152",12,0.6,0.5,0.8,153
"X13.152",13,0.6,0.4,0.8,153
"X14.152",14,1,1,0.8,153
"X15.152",15,0.8,0.9,0.8,153
"X16.152",16,0.6,0.6,0.8,153
"X1.153",1,0.25,0.4,0.25,154
"X2.153",2,1,1,0.25,154
"X3.153",3,0.25,0.25,0.25,154
"X4.153",4,0.4,0.33,0.25,154
"X5.153",5,1,1,0.25,154
"X6.153",6,0.7,1,0.25,154
"X7.153",7,0.5,1,0.25,154
"X8.153",8,0.25,0.25,0.25,154
"X9.153",9,0.25,0.25,0.25,154
"X10.153",10,0.25,0.25,0.25,154
"X11.153",11,0.25,0.25,0.25,154
"X12.153",12,0.25,0.1,0.25,154
"X13.153",13,0.25,0.4,0.25,154
"X14.153",14,0.4,0.6,0.25,154
"X15.153",15,0.15,0.25,0.25,154
"X16.153",16,0.85,0.85,0.25,154
"X1.154",1,0.98,1,0.9,155
"X2.154",2,0.7,1,0.9,155
"X3.154",3,0.7,1,0.9,155
"X4.154",4,0.25,1,0.9,155
"X5.154",5,0.8,1,0.9,155
"X6.154",6,0.25,0.45,0.9,155
"X7.154",7,0.55,1,0.9,155
"X8.154",8,0.7,1,0.9,155
"X9.154",9,1,1,0.9,155
"X10.154",10,0.33,0.9,0.9,155
"X11.154",11,0.15,0.4,0.9,155
"X12.154",12,0.4,1,0.9,155
"X13.154",13,0.9,1,0.9,155
"X14.154",14,1,1,0.9,155
"X15.154",15,0.96,1,0.9,155
"X16.154",16,0.9,0.95,0.9,155
"X1.155",1,0.7,1,0.25,156
"X2.155",2,0.25,0.25,0.25,156
"X3.155",3,0.25,0.25,0.25,156
"X4.155",4,0.7,0.7,0.25,156
"X5.155",5,1,1,0.25,156
"X6.155",6,0.25,0.25,0.25,156
"X7.155",7,0.7,0.7,0.25,156
"X8.155",8,0.25,0.25,0.25,156
"X9.155",9,0.25,0.25,0.25,156
"X10.155",10,0.25,0.25,0.25,156
"X11.155",11,0.25,0.25,0.25,156
"X12.155",12,0.25,0.25,0.25,156
"X13.155",13,0.7,0.7,0.25,156
"X14.155",14,0.7,0.7,0.25,156
"X15.155",15,1,1,0.25,156
"X16.155",16,1,1,0.25,156
"X1.156",1,0.5,0.5,0.75,157
"X2.156",2,0.25,1,0.75,157
"X3.156",3,0.5,0.75,0.75,157
"X4.156",4,0.25,0.75,0.75,157
"X5.156",5,0,0,0.75,157
"X6.156",6,1,1,0.75,157
"X7.156",7,1,1,0.75,157
"X8.156",8,1,1,0.75,157
"X9.156",9,1,1,0.75,157
"X10.156",10,0.5,0.5,0.75,157
"X11.156",11,0.5,0.5,0.75,157
"X12.156",12,1,1,0.75,157
"X13.156",13,0.5,0.5,0.75,157
"X14.156",14,1,1,0.75,157
"X15.156",15,1,1,0.75,157
"X16.156",16,1,1,0.75,157
"X1.157",1,0.33,0.3,0.25,158
"X2.157",2,0.4,0.5,0.25,158
"X3.157",3,0.3,0.4,0.25,158
"X4.157",4,0.4,0.5,0.25,158
"X5.157",5,0.25,0.334,0.25,158
"X6.157",6,0.35,0.4,0.25,158
"X7.157",7,0.15,0.3,0.25,158
"X8.157",8,0.65,0.75,0.25,158
"X9.157",9,0.45,0.5,0.25,158
"X10.157",10,0.4,0.5,0.25,158
"X11.157",11,0.5,0.4,0.25,158
"X12.157",12,0.334,0.334,0.25,158
"X13.157",13,0.97,0.99,0.25,158
"X14.157",14,0.25,0.25,0.25,158
"X15.157",15,0.3,0.5,0.25,158
"X16.157",16,0.8,0.9,0.25,158
"X1.158",1,0.45,0.75,0.48,159
"X2.158",2,0.3,0.5,0.48,159
"X3.158",3,0.5,0.75,0.48,159
"X4.158",4,0.25,0.25,0.48,159
"X5.158",5,0.6,0.25,0.48,159
"X6.158",6,0.25,0.25,0.48,159
"X7.158",7,0.35,0.75,0.48,159
"X8.158",8,0.75,0.45,0.48,159
"X9.158",9,1,1,0.48,159
"X10.158",10,0.35,0.5,0.48,159
"X11.158",11,0.25,0.25,0.48,159
"X12.158",12,0.5,0.5,0.48,159
"X13.158",13,1,1,0.48,159
"X14.158",14,0.75,1,0.48,159
"X15.158",15,0.5,0.75,0.48,159
"X16.158",16,0.75,0.75,0.48,159
"X1.159",1,0.2,0.5,0.98,160
"X2.159",2,0.4,0.75,0.98,160
"X3.159",3,0.25,0.4,0.98,160
"X4.159",4,0.25,0.65,0.98,160
"X5.159",5,0.95,1,0.98,160
"X6.159",6,0.9,1,0.98,160
"X7.159",7,0.05,0.9,0.98,160
"X8.159",8,0.5,1,0.98,160
"X9.159",9,0.2,1,0.98,160
"X10.159",10,0.5,0.5,0.98,160
"X11.159",11,0.4,1,0.98,160
"X12.159",12,1,1,0.98,160
"X13.159",13,1,1,0.98,160
"X14.159",14,1,1,0.98,160
"X15.159",15,0.8,1,0.98,160
"X16.159",16,0.3,0.4,0.98,160
"X1.160",1,0.35,0.3,0.3,161
"X2.160",2,0.6,0.85,0.3,161
"X3.160",3,0.4,0.7,0.3,161
"X4.160",4,0.2,0.3,0.3,161
"X5.160",5,0.4,0.5,0.3,161
"X6.160",6,0.5,0.25,0.3,161
"X7.160",7,0.35,0.35,0.3,161
"X8.160",8,0.4,0.6,0.3,161
"X9.160",9,0.4,0.3,0.3,161
"X10.160",10,0.7,1,0.3,161
"X11.160",11,0.3,0.5,0.3,161
"X12.160",12,0.5,0.5,0.3,161
"X13.160",13,0.55,0.5,0.3,161
"X14.160",14,0.9,0.7,0.3,161
"X15.160",15,0.7,0.35,0.3,161
"X16.160",16,0.4,0.5,0.3,161
"X1.161",1,0.99,0.99,0.9,162
"X2.161",2,0.5,0.5,0.9,162
"X3.161",3,0.99,0.99,0.9,162
"X4.161",4,0.9,0.5,0.9,162
"X5.161",5,1,1,0.9,162
"X6.161",6,1,1,0.9,162
"X7.161",7,0.25,0.25,0.9,162
"X8.161",8,0.99,1,0.9,162
"X9.161",9,0.99,1,0.9,162
"X10.161",10,0.25,0.25,0.9,162
"X11.161",11,0.5,0.5,0.9,162
"X12.161",12,0.5,0.5,0.9,162
"X13.161",13,1,1,0.9,162
"X14.161",14,1,1,0.9,162
"X15.161",15,1,1,0.9,162
"X16.161",16,0.75,1,0.9,162
"X1.162",1,0.3,0.4,0.45,163
"X2.162",2,0.2,0.2,0.45,163
"X3.162",3,0,0,0.45,163
"X4.162",4,0.5,0.5,0.45,163
"X5.162",5,1,1,0.45,163
"X6.162",6,0.2,0.2,0.45,163
"X7.162",7,0.6,0.4,0.45,163
"X8.162",8,0.4,0.3,0.45,163
"X9.162",9,0.5,0.5,0.45,163
"X10.162",10,0.4,0.4,0.45,163
"X11.162",11,0.2,0.3,0.45,163
"X12.162",12,0.2,0.3,0.45,163
"X13.162",13,0.2,0.3,0.45,163
"X14.162",14,1,1,0.45,163
"X15.162",15,1,1,0.45,163
"X16.162",16,1,1,0.45,163
"X1.163",1,0.5,1,0.8,164
"X2.163",2,0.25,1,0.8,164
"X3.163",3,0.4,0.5,0.8,164
"X4.163",4,0.3,0.7,0.8,164
"X5.163",5,0.3,0.7,0.8,164
"X6.163",6,0.25,1,0.8,164
"X7.163",7,0.35,1,0.8,164
"X8.163",8,0.25,1,0.8,164
"X9.163",9,0.25,0.25,0.8,164
"X10.163",10,0.5,1,0.8,164
"X11.163",11,0.5,0.6,0.8,164
"X12.163",12,0.25,1,0.8,164
"X13.163",13,0.25,1,0.8,164
"X14.163",14,0.7,1,0.8,164
"X15.163",15,0.9,1,0.8,164
"X16.163",16,1,1,0.8,164
"X1.164",1,0.35,0.25,0.25,165
"X2.164",2,0.25,0.3,0.25,165
"X3.164",3,0.25,0.1,0.25,165
"X4.164",4,0.4,0.4,0.25,165
"X5.164",5,0.5,0.4,0.25,165
"X6.164",6,0.45,0.35,0.25,165
"X7.164",7,0.35,0.35,0.25,165
"X8.164",8,0.35,0.35,0.25,165
"X9.164",9,0.45,0.5,0.25,165
"X10.164",10,0.35,0.35,0.25,165
"X11.164",11,0.35,0.25,0.25,165
"X12.164",12,0.2,0.4,0.25,165
"X13.164",13,0.35,0.35,0.25,165
"X14.164",14,0.59,0.79,0.25,165
"X15.164",15,0.4,0.79,0.25,165
"X16.164",16,0.54,0.5,0.25,165
"X1.165",1,0.4,0.5,0.8,166
"X2.165",2,0.5,0.8,0.8,166
"X3.165",3,0.3,0.5,0.8,166
"X4.165",4,0.3,0.4,0.8,166
"X5.165",5,0.8,0.6,0.8,166
"X6.165",6,0.1,0.4,0.8,166
"X7.165",7,0.5,0.9,0.8,166
"X8.165",8,0.4,0.6,0.8,166
"X9.165",9,0.3,0.25,0.8,166
"X10.165",10,0.1,0.3,0.8,166
"X11.165",11,0.2,0.5,0.8,166
"X12.165",12,0,0.4,0.8,166
"X13.165",13,0.7,0.8,0.8,166
"X14.165",14,0.4,0.5,0.8,166
"X15.165",15,0.4,0.6,0.8,166
"X16.165",16,0.2,0.6,0.8,166
"X1.166",1,0.8,0.9,0.75,167
"X2.166",2,0.95,1,0.75,167
"X3.166",3,0.8,1,0.75,167
"X4.166",4,0.85,1,0.75,167
"X5.166",5,0.9,0.9,0.75,167
"X6.166",6,0.33,0.4,0.75,167
"X7.166",7,1,1,0.75,167
"X8.166",8,0.5,0.5,0.75,167
"X9.166",9,0.3,0.3,0.75,167
"X10.166",10,0.75,0.75,0.75,167
"X11.166",11,0.45,0.5,0.75,167
"X12.166",12,1,1,0.75,167
"X13.166",13,0.7,0.7,0.75,167
"X14.166",14,1,1,0.75,167
"X15.166",15,1,1,0.75,167
"X16.166",16,0.2,0.3,0.75,167
"X1.167",1,0.3,1,0.5,168
"X2.167",2,0.6,0.7,0.5,168
"X3.167",3,0.6,0.7,0.5,168
"X4.167",4,0.25,0.25,0.5,168
"X5.167",5,0.15,0.4,0.5,168
"X6.167",6,0.25,0.25,0.5,168
"X7.167",7,0.5,0.5,0.5,168
"X8.167",8,0.25,0.25,0.5,168
"X9.167",9,0.6,0.8,0.5,168
"X10.167",10,0.3,0.4,0.5,168
"X11.167",11,0.05,0.3,0.5,168
"X12.167",12,0.25,0.25,0.5,168
"X13.167",13,0.25,0.25,0.5,168
"X14.167",14,0.8,1,0.5,168
"X15.167",15,0.25,0.25,0.5,168
"X16.167",16,0.8,0.8,0.5,168
"X1.168",1,0.5,1,0.75,169
"X2.168",2,0.5,0.5,0.75,169
"X3.168",3,0.8,0.8,0.75,169
"X4.168",4,0.7,0.8,0.75,169
"X5.168",5,0.8,1,0.75,169
"X6.168",6,0.35,0.25,0.75,169
"X7.168",7,0.25,0.25,0.75,169
"X8.168",8,0.9,1,0.75,169
"X9.168",9,0.1,1,0.75,169
"X10.168",10,0.75,0.5,0.75,169
"X11.168",11,0.9,1,0.75,169
"X12.168",12,0.9,1,0.75,169
"X13.168",13,0.9,1,0.75,169
"X14.168",14,0.98,1,0.75,169
"X15.168",15,0.8,1,0.75,169
"X16.168",16,1,1,0.75,169
"X1.169",1,0.7,0.6,0.6,170
"X2.169",2,0.7,0.8,0.6,170
"X3.169",3,0.4,0.5,0.6,170
"X4.169",4,0.5,0.7,0.6,170
"X5.169",5,0.7,0.8,0.6,170
"X6.169",6,0.25,0.4,0.6,170
"X7.169",7,0.35,0.6,0.6,170
"X8.169",8,0.6,0.9,0.6,170
"X9.169",9,0.5,0.6,0.6,170
"X10.169",10,0.6,0.6,0.6,170
"X11.169",11,0.4,0.5,0.6,170
"X12.169",12,0.25,0.3,0.6,170
"X13.169",13,0.4,0.5,0.6,170
"X14.169",14,0.6,1,0.6,170
"X15.169",15,0.8,1,0.6,170
"X16.169",16,0.6,1,0.6,170
"X1.170",1,0.6,0.7,0.8,171
"X2.170",2,0.07,0.04,0.8,171
"X3.170",3,0.25,0.7,0.8,171
"X4.170",4,0.3,0.5,0.8,171
"X5.170",5,0.7,0.8,0.8,171
"X6.170",6,0.14,0.45,0.8,171
"X7.170",7,0.5,0.4,0.8,171
"X8.170",8,0.9,0.99,0.8,171
"X9.170",9,0.25,0.5,0.8,171
"X10.170",10,0.25,0.4,0.8,171
"X11.170",11,0.25,0.5,0.8,171
"X12.170",12,0.3,0.55,0.8,171
"X13.170",13,0.25,0.45,0.8,171
"X14.170",14,0.6,0.75,0.8,171
"X15.170",15,0.25,0.5,0.8,171
"X16.170",16,0.4,0.35,0.8,171
"X1.171",1,1,1,0.75,172
"X2.171",2,0.75,1,0.75,172
"X3.171",3,1,1,0.75,172
"X4.171",4,0.75,1,0.75,172
"X5.171",5,0.5,0.75,0.75,172
"X6.171",6,0.5,0.35,0.75,172
"X7.171",7,0.5,0.35,0.75,172
"X8.171",8,0.75,1,0.75,172
"X9.171",9,0.25,0.3,0.75,172
"X10.171",10,0.25,0.25,0.75,172
"X11.171",11,0.35,0.25,0.75,172
"X12.171",12,0.25,0.5,0.75,172
"X13.171",13,1,1,0.75,172
"X14.171",14,1,1,0.75,172
"X15.171",15,1,1,0.75,172
"X16.171",16,0.5,0.5,0.75,172
